AI_id,text_obj,text_mthd,text_deal,document,label
id_0387679,?멉장에서,일반인대상으로,타로 사주,사업장에서 일반인대상으로 타로 사주,S96969
id_0365686,고양이?에서,고양이를대상으로,고양이미용,고양이에서 고양이를대상으로 고양이미용,S96969
id_0603132,빨래방에서,고객이 직접,셀프세?,빨래방에서 고객이 직접 셀프세차,S96969
id_0056528,사업장에서,방문고객을대상으로,점술? 무속,사업장에서 방문고객을대상으로 점술 무속,S96969
id_0572503,사업장에서,산업대상자를 대상으로,세?비스,사업장에서 산업대상자를 대상으로 세차서비스,S96969
id_0612754,산후조리?에서,산모를대상,산모돌봄,산후조리원에서 산모를대상 산모돌봄,S96969
id_0040801,서비스,장?식준비,장례식장 및 장의 관련 서비스업,서비스 장례식준비 장례식장 및 장의 관련 서비스업,S96969
id_0887582,세탁소에서,고객을 대상으?,드라이크리닝,세탁소에서 고객을 대상으로 드라이크리닝,S96969
id_0047637,세탁소에서 물?칵 드라이세탁,고객을 대상으로,물세탁 드라이세탁,세탁소에서 물세탁 드라이세탁 고객을 대상으로 물세탁 드라이세탁,S96969
id_0117356,세탁소에서,일반소비자에게,세탁물수집?드라이크리닝,세탁소에서 일반소비자에게 세탁물수집 드라이크리닝,S96969
id_0160042,세탁소에서,일반인대상,세? 수선,세탁소에서 일반인대상 세탁 수선,S96969
id_0622348,세탁소에서,일반인을 대상으로,의류 세탁 ? 다림질,세탁소에서 일반인을 대상으로 의류 세탁 다림질,S96969
id_0647084,애견을 대상으로,?에서,애견미용서비스,애견을 대상으로 숍에서 애견미용서비스,S96969
id_0375429,영업장에서,?의로받아,의류세탁,영업장에서 의로받아 의류세탁,S96969
id_0442011,영업장에서,일반인을대상으로 ?,철학관,영업장에서 일반인을대상으로 철학관,S96969
id_0824694,일반고객대상으로,웨딩?에서,웨딩토탈서비스,일반고객대상으로 웨딩숍에서 웨딩토탈서비스,S96969
id_0498909,,장?식 대행 서비스,,장례식 대행 서비스,S96969
id_0515562,장?식장에서,고객대상,장례식장,장례식장에서 고객대상 장례식장,S96969
id_0066778,점술집,점술?g 유사서비스제공,점술,점술집 점술 유사서비스제공 점술,S96969
id_0690703,?에서,고객대상으로,두발미용업,숍에서 고객대상으로 두발미용업,S96961
id_0690705,?에서,고객대상으로,타이마사지,숍에서 고객대상으로 타이마사지,S96961
id_0691485,?에서,고객상대로,마사지,숍에서 고객상대로 마사지,S96961
id_0691699,?에서,고객에게,네일아트,숍에서 고객에게 네일아트,S96961
id_0691867,?에서,고객에게,마사지제공,숍에서 고객에게 마사지제공,S96961
id_0692506,?에서,고객에게,왁싱 피부관리,숍에서 고객에게 왁싱 피부관리,S96961
id_0693008,?에서,고객요청,피부맛자지,숍에서 고객요청 피부맛자지,S96961
id_0692574,?에서,고객요청에,손톱 발톱관리,숍에서 고객요청에 손톱 발톱관리,S96961
id_0693511,?에서,고객을 대상으로,네일손질,숍에서 고객을 대상으로 네일손질,S96961
id_0694377,?에서,고객을 대상으로,바디맛사지 왁싱,숍에서 고객을 대상으로 바디맛사지 왁싱,S96961
id_0694697,?에서,고객의 요청으로,메이크업서비스,숍에서 고객의 요청으로 메이크업서비스,S96961
id_0694840,?에서,손님대상으로,네일아트서비스,숍에서 손님대상으로 네일아트서비스,S96961
id_0695351,?에서,시설을 갖추고,네일 눈썹 미용서비스,숍에서 시설을 갖추고 네일 눈썹 미용서비스,S96961
id_0695371,?에서,시설을 갖추고,네일케어,숍에서 시설을 갖추고 네일케어,S96961
id_0695852,?에서,일반고객 대상,네일,숍에서 일반고객 대상 네일,S96961
id_0696282,?에서,일반고객 대상으로,네일아트 머리붙임,숍에서 일반고객 대상으로 네일아트 머리붙임,S96961
id_0699544,?에서,일반고객,피부맛사지,숍에서 일반고객 피부맛사지,S96961
id_0696262,?에서,일반고객대상,속눈썹 마사지왁싱,숍에서 일반고객대상 속눈썹 마사지왁싱,S96961
id_0696917,?에서,일반고객에게,네일아트,숍에서 일반고객에게 네일아트,S96961
id_0697352,?에서,일반고객을 대상으로,속눈썹 연장,숍에서 일반고객을 대상으로 속눈썹 연장,S96961
id_0698268,?에서,일반고객을 대상으로,손톱관리,숍에서 일반고객을 대상으로 손톱관리,S96961
id_0698482,?에서,일반고객을 대상으로,피부관리서비스,숍에서 일반고객을 대상으로 피부관리서비스,S96961
id_0699449,?에서,일반고객을 대상으로,피부미용서비스,숍에서 일반고객을 대상으로 피부미용서비스,S96961
id_0699614,?에서,일반대중에서,맛사지,숍에서 일반대중에서 맛사지,S96961
id_0699724,?에서,일반소비자에게,눈썹손질서비스,숍에서 일반소비자에게 눈썹손질서비스,S96961
id_0700394,?에서,일반인 대상으로,손톱미용서비스,숍에서 일반인 대상으로 손톱미용서비스,S96961
id_0699905,?에서,일반인대상,손톱 서비스,숍에서 일반인대상 손톱 서비스,S96961
id_0700069,?에서,일반인대상으로,네일,숍에서 일반인대상으로 네일,S96961
id_0700435,?에서,일반인에게,피부스킨케어,숍에서 일반인에게 피부스킨케어,S96961
id_0701405,?에서,일반인을 대상으로,손톱미용,숍에서 일반인을 대상으로 손톱미용,S96961
id_0702218,?에서,일반인을 대상으로,피부관리를 함,숍에서 일반인을 대상으로 피부관리를 함,S96961
id_0702608,?에서,일반인을대샹으로,피부관리,숍에서 일반인을대샹으로 피부관리,S96961
id_0258877,고객을 대상으로,눈썹관리,?에서,고객을 대상으로 눈썹관리 숍에서,S96961
id_0457073,고객을대상으로,미장원에서,? 염색등,고객을대상으로 미장원에서 염색등,S96961
id_0718254,마삿지?에서,방문고객대상으로,피부맛사지,마삿지숍에서 방문고객대상으로 피부맛사지,S96961
id_0718919,마삿지?에서,일반인을 대상으로,체형 발관리서비스,마삿지숍에서 일반인을 대상으로 체형 발관리서비스,S96961
id_0027279,맛사지샵에거,일반인을대상으?,타이맛사지,맛사지샵에거 일반인을대상으로 타이맛사지,S96961
id_0460172,매장,일반?,속눈섭,매장 일반 속눈섭,S96961
id_0689168,매장에서,고객들에게,이?미용 서비스,매장에서 고객들에게 이미용 서비스,S96961
id_0970325,매장에서,일반이대상으로,헤어 미용관리?,매장에서 일반이대상으로 헤어 미용관리숍,S96961
id_0422749,메이크?에서,일반인에게,피부관리 미용서비스,메이크숍에서 일반인에게 피부관리 미용서비스,S96961
id_0518700,미용실에서,고객대상으로,? 파마 염색,미용실에서 고객대상으로 파마 염색,S96961
id_0105062,미용실에서,고객의 요구에 따라,? 파마 등 두발미용서비스,미용실에서 고객의 요구에 따라 파마 등 두발미용서비스,S96961
id_0369163,미용실에서,일반인을대상으로,커트?파마,미용실에서 일반인을대상으로 커트 파마,S96961
id_0368101,미장원에서,고객대상,? 파마,미장원에서 고객대상 파마,S96961
id_0285767,사업장에서,고객들에게,파마 염색등?,사업장에서 고객들에게 파마 염색,S96961
id_0201299,사업장에서,내방?애게,네일아트서비스,사업장에서 내방애게 네일아트서비스,S96961
id_0507064,사업장에서,일반고객을 대상?,네일 손질,사업장에서 일반고객을 대상 네일 손질,S96961
id_0231858,샵에서,고객대상,특수머리전문?,샵에서 고객대상 특수머리전문,S96961
id_0730822,스포츠?에서,일반고객에게,맛사지,스포츠에서 일반고객에게 맛사지,S96961
id_0264621,영업장에서,고객에게,속?섭 네일,영업장에서 고객에게 속눈썹 네일,S96961
id_0947622,영업장에서,일반손님대상으로,파마 ?,영업장에서 일반손님대상으로 파마,S96961
id_0350765,영업장에서화장품으로,일반소비자에게,화장?미용해줌,영업장에서화장품으로 일반소비자에게 화장 미용해줌,S96961
id_0071223,왁싱?에서,일반인을 대상으로,속눈썹 왁싱,왁싱숍에서 일반인을 대상으로 속눈썹 왁싱,S96961
id_0256631,운동?에서,일반인을대상으로,반신욕다이어트,운동숍에서 일반인을대상으로 반신욕다이어트,S96961
id_0127446,이용원에서,고객요청으로,남자?트 면도,이용원에서 고객요청으로 남자트 면도,S96961
id_0627577,이용원에서,일반인을?상으로,이발 면도,이용원에서 일반인을대상으로 이발 면도,S96961
id_0770704,일반고객 대상으로,메이컵?에서,메이크업 서비스,일반고객 대상으로 메이컵숍에서 메이크업 서비스,S96961
id_0671921,일반고객대상,메이크업?에서,메이크업서비스,일반고객대상 메이크업숍에서 메이크업서비스,S96961
id_0787596,일반미장원,고객을 대상으로,? 컷 염색,일반미장원 고객을 대상으로 컷 염색,S96961
id_0922742,일반인 대상으로,?에서,손 맛사지,일반인 대상으로 숍에서 손 맛사지,S96961
id_0893458,풋케어?에서,일반고객을 대상으로,발 피부케어,풋케어숍에서 일반고객을 대상으로 발 피부케어,S96961
id_0167704,피부관리실에서,피부미용 서비스 제?,피부관리 팩 등 피부미용,피부관리실에서 피부미용 서비스 제공 피부관리 팩 등 피부미용,S96961
id_0292644,피부미용서비스,피부미용업?에서,피부미용,피부미용서비스 피부미용업에서 피부미용,S96961
id_0790568,헤어 ?에서,일반인을 대상으로,헤어 펌 헤어 컷 서비스,헤어샵에서 일반인을 대상으로 헤어 펌 헤어 컷 서비스,S96961
id_0867346,보일러수리 수도설비보수 누수탐지 양변기세변기 위?,,,보일러수리 수도설비보수 누수탐지 양변기세변기 위,S95953
id_0186599,사업장에서,일반인대상,카인테리어 차?크리닝 광택,사업장에서 일반인대상 카인테리어 차량크리닝 광택,S95952
id_0224464,사업장에서,일반인대상,클러치 보조장치설치?전문수리,사업장에서 일반인대상 클러치 보조장치설치 전문수리,S95952
id_0714863,서비스센터에서,고객의 차?을,정비 내장수리 도장,서비스센터에서 고객의 차량을 정비 내장수리 도장,S95952
id_0305442,세차장에서,고객을대상으로,차?세차서비스,세차장에서 고객을대상으로 차량 세차서비스,S95952
id_0391279,세차장에서,일반 고객을 대상으로,자동차 세차? 광택,세차장에서 일반 고객을 대상으로 자동차 세차 광택,S95952
id_0422842,세차장에서,일반인대상으로,차?세차 서비스,세차장에서 일반인대상으로 차량 세차 서비스,S95952
id_0415088,영업장에서,의뢰를 ?아,자동차 특정부분 수리,영업장에서 의뢰를 받아 자동차 특정부분 수리,S95952
id_0549862,카센타,자동차?l 특정부분을 전문적으로 수리,경정비 타이어 내장수리,카센타 자동차 특정부분을 전문적으로 수리 경정비 타이어 내장수리,S95952
id_0181853,교회,기독?계통,종교활동,교회 기독교계통 종교활동,S94949
id_0526316,교회,기독교계통종??활동,종교서비스,교회 기독교계통 종교활동 종교서비스,S94949
id_0119486,교회에서,가?교계통종교활동,종교서비스,교회에서 기독교 계통종교활동 종교서비스,S94949
id_0360732,교회에서,기?교 단체,종교활동,교회에서 기독교 단체 종교활동,S94949
id_0551461,교회에서,기독교계?종교활동,종교서비스,교회에서 기독교계 종교활동 종교서비스,S94949
id_0689933,기도원에서,선교활?으로,종교서비스,기도원에서 선교활동으로 종교서비스,S94949
id_0872887,사?에서,일반신도들을 대상으로,포교활동 불교,사원에서 일반신도들을 대상으로 포교활동 불교,S94949
id_0892369,사업장에서,기독교계통종교활동,종?서비스,사업장에서 기독교계통종교활동 종교서비스,S94949
id_0074580,선원에서,불교계? 종교활동,종교 서비스,선원에서 불교계 종교활동 종교 서비스,S94949
id_0780137,시장에서,상인들대상으로,친목도모 ?년상인회,시장에서 상인들대상으로 친목도모 청년상인회,S94949
id_0271499,위원회에서,이주민대상이익향상위?,협회,위원회에서 이주민대상이익향상위 협회,S94949
id_0364052,절에서,불?계통의,종교서비스,절에서 불교계통의 종교서비스,S94949
id_0122170,사무실에서,근로단체,그노라? 지위향상을 위한단체,사무실에서 근로단체 근로자 지위향상을 위한단체,S94942
id_0413702,농민,농민?체,비영리단체,농민 농민단체 비영리단체,S94941
id_0996277,담배판매상의 회원들의,담배판매인들의 권익보호? 회원관리,단체회원관리,담배판매상의 회원들의 담배판매인들의 권익보호 회원관리 단체회원관리,S94941
id_0961376,쌀생산을 위한,농민드?,영농단체,쌀생산을 위한 농민드 영농단체,S94941
id_0706977,게임장에서,일반인대상,인형뽑기?운영,게임장에서 일반인대상 인형뽑기 운영,R91912
id_0822508,노래방,시?을 갖추고,노래방운영,노래방 시설을 갖추고 노래방운영,R91912
id_0686524,노래방에서,?란고객을 대상으로,노래연습장제공,노래방에서 란고객을 대상으로 노래연습장제공,R91912
id_0709318,노래방에서,시설을갖추고,노?방,노래방에서 시설을갖추고 노래방,R91912
id_0587275,사?장에서,일반인들에게,인형뽑기,사업장에서 일반인들에게 인형뽑기,R91912
id_0171224,영업장에서,일반소비자대상으로,인형?기,영업장에서 일반소비자대상으로 인형뽑기,R91912
id_0598124,오락실에서,고객대상,?기방,오락실에서 고객대상 뽑기방,R91912
id_0583448,당구장운영업,서비스업,?구게임,당구장운영업 서비스업 당구게임,R91911
id_0852860,사업장에서,일반고객대상으로,개인pt?,사업장에서 일반고객대상으로 개인pt,R91911
id_0619810,스크린야구,일반인대상,실내 야구 ?습,스크린야구 일반인대상 실내 야구 연습,R91911
id_0152900,실내골프장에서,일반인 에게,실내?장연수장,실내골프장에서 일반인에게 실내 골프장연수장,R91911
id_0425077,체력단련실에서,고객을대상으로,운동피티?,체력단련실에서 고객을대상으로 운동피티,R91911
id_0488249,헬스클럽에서,체력?련시설을갖추고,체력단련서비스,헬스클럽에서 체력단련시설을갖추고 체력단련서비스,R91911
id_0392060,독서실에서,일반?학생대상,독서실운영서비스,독서실에서 일반인 학생대상 독서실운영서비스,R90902
id_0764825,독서실에서,학생?일반인에게,독서실운영,독서실에서 학생 일반인에게 독서실운영,R90902
id_0790123,학생?일반인에게,독서실에서,독서실운영서베스,학생 및 일반인에게 독서실에서 독서실운영 서비스,R90902
id_0877196,사업장에서,?연의뢰인에게,창작및예술관련서비스,사업장에서 연의뢰인에게 창작및예술관련서비스,R90901
id_0826192,작업실에서,독립적으로 예술?동,집필,작업실에서 독립적으로 예술활동 집필,R90901
id_0914707,복지관,사회적으로도움이필요한사?에게,교육건강서비스,복지관 사회적으로도움이필요한사람에게 교육건강서비스,Q87872
id_0217376,복지센터에서,장기요양등급?정을받은어르신,주간보호,복지센터에서 장기요양등급판정을받은어르신 주간보호,Q87872
id_0769052,상담센타에서,사회적도움이 필요?주민대상으로,언어치료 미술치료심리상담,상담센타에서 사회적도움이 필요 주민대상으로 언어치료 미술치료심리상담,Q87872
id_0738419,어린이집,미?학아동대상,보육서비스,어린이집 미취학아동대상 보육서비스,Q87872
id_0760532,어린이집에서,?자로부터위탁을받아,취학전유아보육,어린이집에서 보호자로부터위탁을받아 취학전유아보육,Q87872
id_0079713,어린이집에서,관청인가를?아,영유아보육,어린이집에서 관청인가를 받아 영유아보육,Q87872
id_0108090,어린이집에서,관할구청에서 인가 ?다,취학전 영유아 보육,어린이집에서 관할구청에서 인가 받아 취학전 영유아 보육,Q87872
id_0515979,어린이집에서,관할구청의 허가를 받아,취?전 어린이 보육시설 운영,어린이집에서 관할구청의 허가를 받아 취학전 어린이 보육시설 운영,Q87872
id_0997992,어린이집에서,보?바로부터위탁을받아,유아보육 ~세,어린이집에서 보호자로부터위탁을받아 유아보육 ~세,Q87872
id_0029517,어린이집에서,보육시설로인기?아,영유아보육,어린이집에서 보육시설로 인가받아 영유아보육,Q87872
id_0070475,어린이집에서,보호자로부너위탁을?아,취학전유아교육,어린이집에서 보호자로부터 위탁을 받아 취학전유아교육,Q87872
id_0416414,어린이집에서,보호자로부터위탁?아,어린이보육,어린이집에서 보호자로부터 위탁받아 어린이보육,Q87872
id_0515574,자원봉사센터에서,자원봉사자와 봉사대상연결,봉사마일? 관리및 교육,자원봉사센터에서 자원봉사자와 봉사대상연결 봉사마일리지 관리및 교육,Q87872
id_0007760,재가장기요양센타에서,개인가정방문,노인요양 목?돌보미,재가장기요양센타에서 개인가정방문 노인요양 목돌보미,Q87872
id_0942971,요양시설에서,노인성질환을앓고있는노인을입소?,노인복지시설운영,요양시설에서 노인성질환을앓고있는노인을입소 노인복지시설운영,Q87871
id_0008527,요양시설에서,노인성질환을앓는노인을입소시켜을입소?,노인거주요양서비스,요양시설에서 노인성질환을앓는노인을입소시켜을입소 노인거주요양서비스,Q87871
id_0470478,정신질환자를 ?시켜,복지시설에서,숙식 및 간단한치료활동제공,정신질환자를 입원시켜 복지시설에서 숙식 및 간단한치료활동제공,Q87871
id_0054268,일반고객으로,학원에서,심리상?치료,일반고객으로 학원에서 심리상담치료,Q86869
id_0104512,보건소,외래?l료진료서비스,내과진료,보건소 외래진료진료서비스 내과진료,Q86863
id_0072655,치과에서,외?환자 위주로 진료,치과,치과에서 외래환자 위주로 진료 치과,Q86862
id_0984136,한방진료 침 한?처방,,,한방진료 침 한약처방,Q86862
id_0507671,한의원에서,외?환자 위주로,진료서비스,한의원에서 외래환자 위주로 진료서비스,Q86862
id_0731558,요양병원에서,노인?자들을대상,입원치료간병서비스,요양병원에서 노인환자들을대상 입원치료간병서비스,Q86861
id_0601821,기타교습소에서,초? 고등학생에게 기타교습,기타교습,기타교습소에서 초등 고등학생에게 기타교습 기타교습,P85856
id_0932570,미술학원,서비스업,미?교육 서비스업,미술학원 서비스업 미술교육 서비스업,P85856
id_0137884,사업장에서,,등나무?예교육,사업장에서  등나무예교육,P85856
id_0433239,사업장에서,교육 보?교사위주로,교육실습,사업장에서 교육 보육교사위주로 교육실습,P85856
id_0696919,사업장에서,일반인에게?랜트영역,직업훈련교육,사업장에서 일반인에게 렌트영역 직업훈련교육,P85856
id_0535939,사업장에서,일반인을대상으로,?초제작교육,사업장에서 일반인을대상으로 초제작교육,P85856
id_0488507,연구원에,판소리교육생에게,?소리교육서비스,연구원에 판소리교육생에게 판소리교육서비스,P85856
id_0904247,영업장에서,고객을 대상으로,피아노 교육?,영업장에서 고객을 대상으로 피아노 교육,P85856
id_0378897,음?학원에서,학생들에게,피아노 교육,음악학원에서 학생들에게 피아노 교육,P85856
id_0524459,주민자치센터,주민을 대상으로,교육?수강,주민자치센터 주민을 대상으로 교육수강,P85856
id_0338895,체?관에서,학생및일반인대상,유도,체육관에서 학생및일반인대상 유도,P85856
id_0429385,태권?에서,학생대상으로,태권도,태권도에서 학생대상으로 태권도,P85856
id_0707763,태권도학원에서,학생 ? 일반인대상,태권도 교육,태권도학원에서 학생 일반인대상 태권도 교육,P85856
id_0079787,학원에서,일반 학생들대상으로,목?예 클레이,학원에서 일반 학생들 대상으로 목공예 클레이,P85856
id_0430507,학원에서,학생?일반인대상,성악교육,학원에서 학생들 일반인대상 성악교육,P85856
id_0247497,학원에서,학생을데상으로,영어 수학 과?,학원에서 학생들 대상으로 영어 수학 과학,P85855
id_0713972,학원에서,학생을대상으로,영어?국어,학원에서 학생들 대상으로 영어 국어,P85855
id_0563981,학원에서,학생들을대상으로,수?학원,학원에서 학생들을대상으로 수학학원,P85855
id_0592941,유치원에서,미취학아동대상?,교육 보육,유치원에서 미취학아동대상 교육 보육,P85851
id_0633240,경찰서에서,범죄예방? 순찰,민원서비스제공,경찰서에서 범죄예방 순찰 민원서비스제공,O84844
id_0379181,치안?터에서,주민들대상,치안관리,치안센터에서 주민들대상 치안관리,O84844
id_0497937,주민자치센터에서,지방행정사무를집?,행정서비스,주민자치센터에서 지방행정사무를 집 행정서비스,O84841
id_0191019,사업장에서,관련산업사용자에게,기계장비임?,사업장에서 관련산업사용자에게 기계장비임대,N76763
id_0704651,산업사용자?게,선반장비,임대,산업사용자에게 선반장비 임대,N76763
id_0216359,매장에서,일반소비자를대상으로,?춤한복대여,매장에서 일반소비자를대상으로 맞춤한복대여,N76762
id_0383882,사업장에서,고객상대로,차?대여,사업장에서 고객상대로 차량대여,N76761
id_0670249,사업장에서,고객을 대상으?,자동차 대여,사업장에서 고객을 대상으로 차량 대여,N76761
id_0056485,사업장에서,고객의의뢰를받아,차?렌트,사업장에서 고객의의뢰를받아 차량대여,N76761
id_0727077,?의뢰받아,전시 행사,이벤트 대행,의뢰받아 전시 행사 이벤트 대행,N75759
id_0408273,사무실에서,일반인을대상으로,축제행사기?,사무실에서 일반인을대상으로 축제행사기획,N75759
id_0445141,사업지원서비스 부동산조사용역 토지 지상물건 손실?,,,사업지원서비스 부동산조사용역 토지 지상물건 손실,N75759
id_0603728,영업장에서,법인차?,관리대행서비스,영업장에서 법인차량 관리대행서비스,N75759
id_0976579,여행사에서,여행알선?계약,일반인대상,여행사에서 여행알선계약 일반인대상,N75752
id_0243864,고객에게,사무실에서,직업알선? 인력알선,고객에게 사무실에서 직업알선 인력알선,N75751
id_0893357,고객의요청으로,고객?사업시설에서,인력공급,고객의요청으로 고객사업시설에서 인력공급,N75751
id_0501961,소개소에서,소개수수료? 받고,고용 알선,소개소에서 소개수수료 받고 고용 알선,N75751
id_0855042,일자리 정보를,건설인력 노동인?,고용알선,일자리 정보를 건설인력 노동인력 고용알선,N75751
id_0117590,직업소개소에서,소개수수료? 받고,고용알선,직업소개소에서 소개수수료 받고 고용알선,N75751
id_0164567,사업시설,유지관리서비스,주차관리? 건물 유지관리,사업시설 유지관리서비스 주차관리 건물 유지관리,N74741
id_0843555,사업장에서,행?주택건물에 대해,시설유지 및 관리,사업장에서 행주택건물에 대해 시설유지 및 관리,N74741
id_0986895,고객의요정으로,인물사진? 비디오촬영,,고객의요정으로 인물사진 비디오촬영,M73733
id_0194725,고객이 지정한 곳에서,고객의 요청에 따라,인물촬영 행사영상?영,고객이 지정한 곳에서 고객의 요청에 따라 인물촬영 행사영상 촬영,M73733
id_0537139,사업장에서,일반인르 대사으로,사진?영,사업장에서 일반인르 대사으로 사진촬영,M73733
id_0839891,사진관에서,일반인을대상으로,증명사?,사진관에서 일반인을대상으로 증명사진,M73733
id_0415173,아동대상,스튜디오?에서,기념사진촬영,아동대상 스튜디오에서 기념사진촬영,M73733
id_0208226,사무실에서,케릭터연구 개발,에니메이션연구 개?,사무실에서 케릭터연구 개발 에니메이션연구 개발,M73732
id_0372387,인테리어 디자인 제품 디자인 시각 디자인 기타 전?,,,인테리어 디자인 제품 디자인 시각 디자인 기타 전시,M73732
id_0922756,전문 디자인업,고객의 의?에 의해,의류 디자인,전문 디자인업 고객의 의뢰에 의해 의류 디자인,M73732
id_0492557,고객대상,병원에서,진료? 치료,고객대상 병원에서 진료 치료,M73731
id_0262614,동물병원,?물을 대상으로,수의서비스,동물병원 동물을 대상으로 수의서비스,M73731
id_0343299,동물병원에서,동물들대상으로,진료?치료,동물병원에서 동물들대상으로 진료 치료,M73731
id_0031866,교정 시험접수,?준계측장비,종합시험인증기관,교정 시험접수 준계측장비 종합시험인증기관,M72729
id_0637602,사무실에서,고객의의뢰를 받아,건물에너지효율?내후성평가,사무실에서 고객의의뢰를 받아 건물에너지효율 내후성평가,M72729
id_0619154,각종건물또는구축물?기획,건축설계,건축설계서비스,각종건물또는구축물 기획 건축설계 건축설계서비스,M72721
id_0453218,건물 설계 ? 측량 서비스,,,건물 설계 측량 서비스,M72721
id_0395235,건물및 토목엔지니어링 서비스업 기타엔지니어링 서?,,,건물및 토목엔지니어링 서비스업 기타엔지니어링 서,M72721
id_0550787,건축 사무소에서,고객 요청에 ?해,주택 관공서 apt 제공,건축 사무소에서 고객 요청에 대해 주택 관공서 apt 제공,M72721
id_0246456,건축설계 및 관련서비스업 컨설팅업 기술서비스 bim?,,,건축설계 및 관련서비스업 컨설팅업 기술서비스 bim,M72721
id_0313024,건축세부설계 ?드로잉 건축관련서비스,,,건축세부설계 드로잉 건축관련서비스,M72721
id_0832614,공정설계및그디자인과기계모형 차체형 생산품모형포?,,,공정설계및그디자인과기계모형 차체형 생산품모형포,M72721
id_0521878,사무실에서,고객요청에의해,건축? 제공,사무실에서 고객요청에의해 건축 제공,M72721
id_0278999,사업장에서,고객의 요청에 따라,대기오염?지 폐수 환경오염방지시설서비스,사업장에서 고객의 요청에 따라 대기오염지 폐수 환경오염방지시설서비스,M72721
id_0058672,사어?에서,예비창업자들을 위한,프랜차이즈 본사,사업장에서 예비창업자들을 위한 프랜차이즈 본사,M71715
id_0995490,사업장에서,고객의요구에의해,기술지원? 경영 컨설팅,사업장에서 고객의요구에의해 기술지원 경영 컨설팅,M71715
id_0157945,사업장에서,의료기기에 관한 인?허가 및 품질관리,의료기기 컨설팅,사업장에서 의료기기에 관한 인허가 및 품질관리 의료기기 컨설팅,M71715
id_0467365,외식프렌차이즈 및 외식경영컨설팅업 창업컨설팅업 ?,,,외식프렌차이즈 및 외식경영컨설팅업 창업컨설팅업,M71715
id_0837064,고객의주문으로,광고사에서,현수막 상?등의 광고 문구 도안,고객의주문으로 광고사에서 현수막 상등의 광고 문구 도안,M71713
id_0343750,기획 편집 실사 광고,고객의 의?에,명함 달력 웹제작,기획 편집 실사 광고 고객의 의뢰에 명함 달력 웹제작,M71713
id_0019296,사무실에서,광고대?,온라인마케팅,사무실에서 광고대행 온라인마케팅,M71713
id_0963538,사업장에서,기업을대상,광고 홍?제작,사업장에서 기업을대상 광고 홍보제작,M71713
id_0140515,옥외?전시광고,,,옥외 전시광고,M71713
id_0121824,옥외광고,버스 외부 광고,차량 ?핑,옥외광고 버스 외부 광고 차량 랩핑,M71713
id_0237274,사무실에서,기장대리?세무조정의뢰를받아,기장대리 세무조정,사무실에서 기장대리 세무조정의뢰를받아 기장대리 세무조정,M71712
id_0492017,사업장에서,세무관련업무으?를받아서,세무관련서비스,사업장에서 세무관련업무의뢰를받아서 세무관련서비스,M71712
id_0200886,변호사 사무실에서,의?인를 대리하여,변호사 소송 수행등,변호사 사무실에서 의뢰인를 대리하여 변호사 소송 수행등,M71711
id_0256968,사무실에서,노동상담 서?대행작성제출,법무관련서비스,사무실에서 노동상담 서류대행작성제출 법무관련서비스,M71711
id_0775452,사무실에서,의뢰를받아노무에관련된,행정서류?성 노무사,사무실에서 의뢰를받아노무에관련된 행정서류 작성 노무사,M71711
id_0279384,사무실에서,의뢰인을대리하여,소송변호이의신?,사무실에서 의뢰인을대리하여 소송변호이의신청,M71711
id_0363591,사무실에서,의뢰인을대리하여,소송수행?법률상당,사무실에서 의뢰인을대리하여 소송수행 법률상담,M71711
id_0835612,의뢰인을 대리하여 민 영사? 기타 사건의 소송등을 수행하는 사업,,,의뢰인을 대리하여 민 영사 기타 사건의 소송등을 수행하는 사업,M71711
id_0903366,의뢰인을 대리하여,사무실에서,특허 출허?등록신청,의뢰인을 대리하여 사무실에서 특허 출허 등록신청,M71711
id_0906334,의뢰인을대리하여,사법기관에제출하는서류 경 공매,등기 경 공매신청대행?g 대리 상담,의뢰인을대리하여 사법기관에제출하는서류 경 공매 등기 경 공매신청대행 대리 상담,M71711
id_0676792,사업장에서,학술용역 원가계산등을연구개?,경제학연구,사업장에서 학술용역 원가계산등을연구개발 경제학연구,M70702
id_0910513,레이저스페클을 이용한 세?치 미생물 탐지장치개발,,광계측기연구개발제조,레이저스페클을 이용한 세균 미생물 탐지장치개발  광계측기연구개발제조,M70701
id_0968668,사업장에서,?유형보이스리더기,무선통역기연구개발,사업장에서 유형보이스리더기 무선통역기연구개발,M70701
id_0425121,연구소에서,혈액세포배?,연구,연구소에서 혈액세포배양 연구,M70701
id_0472980,연구실에서,자율주행차관련?기술,전기전자공학연구개발업,연구실에서 자율주행차관련기술 전기전자공학연구개발업,M70701
id_0489383,체외진단의료기,연구,개?,체외진단의료기 연구 개발,M70701
id_0277192,?리사무소,아파트 입주자를위해,주거용아파트 관리서비스,관리사무소 아파트 입주자를위해 주거용아파트 관리서비스,L68682
id_0325698,계?에의거 부동산중개,부동산업,부동산컨설팅 분양대행업,계약에의거 부동산중개 부동산업 부동산컨설팅 분양대행업,L68682
id_0549900,공인중개사에서,계?예의거 부동산중개,부동산중개서비스,공인중개사에서 계약에 의거 부동산중개 부동산중개서비스,L68682
id_0661387,부동?중개사무소에서,계약에 의해,전월세 매매등 부동산중개,부동산중개사무소에서 계약에 의해 전월세 매매등 부동산중개,L68682
id_0627372,부동산 토지,계약? 중개,부동산중개서비스,부동산 토지 계약 중개 부동산중개서비스,L68682
id_0346614,부동산사무실에서,계약에의?,부동산중개서비스업,부동산사무실에서 계약에의거 부동산중개서비스업,L68682
id_0553559,부동산업,계약?수수료를받고,부동산중개,부동산업 계약 수수료를받고 부동산중개,L68682
id_0047609,부동산에서,?략에의거,부동산중개,부동산에서 계약에의거 부동산중개,L68682
id_0728688,부동산에서,거래를통하여,매매 계약 전 ?세서비스,부동산에서 거래를통하여 매매 계약 전 월세서비스,L68682
id_0731190,부동산에서,계약 ? 중개 등을 통해 수수료를 받음,부동산컨설팅,부동산에서 계약 중개 등을 통해 수수료를 받음 부동산컨설팅,L68682
id_0754195,부동산에서,계약? 중개,부동산중개서비스,부동산에서 계약 중개 부동산중개서비스,L68682
id_0753704,부동산에서,계약? 중개,부동산중개서비스,부동산에서 계약 중개 부동산중개서비스,L68682
id_0760858,부동산에서,계약? 중개수수료,부동산중개업,부동산에서 계약 중개수수료 부동산중개업,L68682
id_0107299,부동산에서,계약에의거,매매?존새알선,부동산에서 계약에의거 매매존새알선,L68682
id_0588870,부동산에서,계약에의한수숫료? 받고,부동산중개,부동산에서 계약에의한수수료 받고 부동산중개,L68682
id_0780556,부동산에서,계약중개? 통해서,부동산 중개업,부동산에서 계약중개 통해서 부동산 중개업,L68682
id_0784328,부동산에서,계약체결및중개를?히,부동산중개서비스,부동산에서 계약체결및중개를 부동산중개서비스,L68682
id_0005729,부동산에서,고객의 요구에따라,부동?중개및계약,부동산에서 고객의 요구에따라 부동산중개및계약,L68682
id_0454692,부동산에서,중개수수료를 받고,부동산매매?임대서비스,부동산에서 중개수수료를 받고 부동산매매 임대서비스,L68682
id_0678073,부동산중개소,계약에 ?거 부동산중개,부동산중개서비스,부동산중개소 계약에 의거 부동산중개 부동산중개서비스,L68682
id_0307828,부동산중개소,계약에의거부동?중개,부동산중개서비스,부동산중개소 계약에의거부동산중개 부동산중개서비스,L68682
id_0594484,부동산중개소에서,계?및수수료를 받음,부동산중개서비스,부동산중개소에서 계약및수수료를 받음 부동산중개서비스,L68682
id_0740468,부동산중개소에서,계약 및 중개등을 통해 수수료?k 받음,부동산 거래중개 서비스,부동산중개소에서 계약 및 중개등을 통해 수수료 받음 부동산 거래중개 서비스,L68682
id_0358077,부동산중개소에서,계약및중개를통해수수료?t음,부동산거래중개서비스,부동산중개소에서 계약 및 중개를통해수수료 받음 부동산거래중개서비스,L68682
id_0554745,부동산중개소에서,계약에의?결,부동산중개서비스,부동산중개소에서 계약에의거 부동산중개서비스,L68682
id_0086955,부동산중개소에서,일반인대상,전 ?세,부동산중개소에서 일반인대상 전 월세,L68682
id_0131026,부동산중개소에서,중개등을?해수수료받음,매매 전월세,부동산중개소에서 중개등을 통해수수료받음 매매 전월세,L68682
id_0185400,부동산중개소에셔,계약체결에의?수수료받음,부동산중개서비스,부동산중개소에셔 계약체결에의거 수수료받음 부동산중개서비스,L68682
id_0777106,사업장에서,계약에 ?거,부동산중개서비스,사업장에서 계약에 의거 부동산중개서비스,L68682
id_0019983,사업장에서,계약으?거,부동산중개,사업장에서 계약의거 부동산중개,L68682
id_0187549,사업장에서,일반?대상으로,부동산중개서비스,사업장에서 일반안 대상으로 부동산중개서비스,L68682
id_0337210,건설공사를,일괄도급?여 분양,신축주택분양,건설공사를 일괄도급여 분양 신축주택분양,L68681
id_0045314,부동산에서,공공사업주대상으로,부동산개발? 공금,부동산에서 공공사업주대상으로 부동산개발 공금,L68681
id_0873233,사업장에서,고객요청으로,공간및세미나실 운영 및 임대 프랜차이즈 사업 인?,사업장에서 고객요청으로 공간및세미나실 운영 및 임대 프랜차이즈 사업 인,L68681
id_0751328,사업장에서,비거주용,부동산개발?관리,사업장에서 비거주용 부동산개발관리,L68681
id_0812102,상가 건?을,부동산에서,부동산 임대업,상가 건물을 부동산에서 부동산 임대업,L68681
id_0079400,보험대리점에서,일반대상?기업대상,kb손해보험판매,보험대리점에서 일반대상 기업대상 kb손해보험판매,K66662
id_0246575,보험업,일반대?대상으로,보험대리중개,보험업 일반대상 대상으로 보험대리중개,K66662
id_0021358,사업장에서,계약을 체결에의해,보험대리?중개업,사업장에서 계약을 체결에의해 보험대리 중개업,K66662
id_0212732,사업장에서,일반대중 ? 기업대상,보험계약체결,사업장에서 일반대중 기업대상 보험계약체결,K66662
id_0213286,사업장에서,일반대중?기업대상,보험계약체결 대리 중개,사업장에서 일반대중 기업대상 보험계약체결 대리 중개,K66662
id_0762157,생명또는 비생명회사?,보험업무로 중개 대리를수행하는,보험업자,생명또는 비생명회사 보험업무로 중개 대리를수행하는 보험업자,K66662
id_0161721,자동차 보험,산업재해 기타 보험?,보험상품 가입,자동차 보험 산업재해 기타 보험 보험상품 가입,K66662
id_0321146,유가증권 파생상품 파생결합증권 시스템트레이딩 모?,,,유가증권 파생상품 파생결합증권 시스템트레이딩 모,K66661
id_0167213,금융업,고객대상,예금?대출,금융업 고객대상 예금 대출,K64641
id_0398843,단위농협에서,일반대중?기업 대상,대출?이자지급,단위농협에서 일반대중기업 대상 대출 이자지급,K64641
id_0126029,수협에서,개인?법인고객대상으로,예금 대출공제,수협에서 개인 법인고객대상으로 예금 대출공제,K64641
id_0843344,신용협동조합,일반대중 기업대상,이자지급? 대출,신용협동조합 일반대중 기업대상 이자지급 대출,K64641
id_0826857,신용협동조합에서,일반대중?기업대상으로,대출?이자지급,신용협동조합에서 일반대중기업대상으로 대출 이자지급,K64641
id_0739112,은행에서,일반대중및기업대상,이자지급? 대출,은행에서 일반대중및기업대상 이자지급 대출,K64641
id_0787672,은행에서,일반인?기업대상으로,대출및 이자지급,은행에서 일반인기업대상으로 대출및 이자지급,K64641
id_0345496,문?컨텐츠제작하는장소에서,일반인을대상으로,중국어 음악제공,문화컨텐츠제작하는장소에서 일반인을대상으로 중국어 음악제공,J63631
id_0079137,사무실에서,시스템?합을위하여,컴퓨터시스템구축서비스,사무실에서 시스템 합을위하여 컴퓨터시스템구축서비스,J62620
id_0827739,사무실에서,의뢰를 받아서,컴퓨터 응용소프트웨어 개?,사무실에서 의뢰를 받아서 컴퓨터 응용소프트웨어 개발,J62620
id_0203461,사무실에서,컴퓨터 포토?,창작 및 제작,사무실에서 컴퓨터 포토샵 창작 및 제작,J62620
id_0606032,의뢰를 받아,사업장에서,컴퓨터 프로그램 설계 ? 연구공학 개발업,의뢰를 받아 사업장에서 컴퓨터 프로그램 설계 연구공학 개발업,J62620
id_0539654,장애복구기술서비스,컴퓨터시스템관련전문적기술을가지고,시스?유지관리,장애복구기술서비스 컴퓨터시스템관련전문적기술을가지고 시스템유지관리,J62620
id_0972274,우체국에서,우편?,우편물 발송,우체국에서 우편 우편물 발송,J61611
id_0207584,사업장,사업체대상,음악?오디오물작업,사업장 사업체대상 음악 오디오물작업,J59592
id_0116841,사업장에서,사업자요청으로,광고영상제작?통합마케팅,사업장에서 사업자요청으로 광고영상제작 통합마케팅,J59591
id_0195876,모바일 게임 소프트웨어 개발 및 공급업 인터넷 콘?,,,모바일 게임 소프트웨어 개발 및 공급업 인터넷 콘,J58582
id_0881084,사업장,고객의 요청,시스탬 스프트웨어개발?공급,사업장 고객의 요청 시스탬 스프트웨어개발 공급,J58582
id_0765451,사업장에서,sw 자문 개발,소?트웨어,사업장에서 sw 자문 개발 소프트트웨어,J58582
id_0425971,사업장에서,고객의?를 받아,it관광상품,사업장에서 고객의뢰를 받아 it관광상품,J58582
id_0424698,사업장에서,소?웨어,개발및공급,사업장에서 소프트웨어 개발및공급,J58582
id_0593234,사업장에서,운영?등의시스템소프트웨어,개발 공급,사업장에서 운영등의시스템소프트웨어 개발 공급,J58582
id_0660165,사업장에서,운영체제등의 시?템s w,개발 및 공급,사업장에서 운영체제등의 시스템sw 개발 및 공급,J58582
id_0230389,소프트웨어 개발 및 자문 인터넷 정보기술 서비스업 ?,,,소프트웨어 개발 및 자문 인터넷 정보기술 서비스업,J58582
id_0405051,사업자에서,정보통신,신문밸?,사업자에서 정보통신 신문밸,J58581
id_0030355,? 숍에서,일반인대상,커피,커피숍에서 일반인대상 커피,I56562
id_0843586,?에서,접객두원을 두고,맥주 양주,숍에서 접객두원을 두고 맥주 양주,I56562
id_0702909,?에서,접객시설을 갖추고,소주 맥주,숍에서 접객시설을 갖추고 소주 맥주,I56562
id_0703674,?에서,접객시설을갖추고,커피,숍에서 접객시설을 갖추고 커피,I56562
id_0702946,?에서,접객시설을갖추고,커피,숍에서 접객시설을 갖추고 커피,I56562
id_0547686,가요주점에서,접객요원을두고,일반유?주점업,가요주점에서 접객요원을두고 일반유흥주점업,I56562
id_0876139,노래연습창운영 노래방에서 노?방시설을갖추고,,,노래연습창운영 노래방에서 노래방시설을갖추고,I56562
id_0049370,노래주점에서,접객요원을 두고,양주 ?주,노래주점에서 접객요원을 두고 양주 맥주,I56562
id_0531444,다방에서,접객시설을갖추고,? 차,다방에서 접객시설을갖추고 차,I56562
id_0936995,매장에서,접객시설을 갖추고,? 쥬스,매장에서 접객시설을 갖추고 쥬스,I56562
id_0824041,매장에서,접객시설을갖추고,주류? 언쥬류 판먀,매장에서 접객시설을갖추고 주류 언쥬류 판매,I56562
id_0325623,사업장에서,와인,?,사업장에서 와인,I56562
id_0446984,사업장에서,접객시설을갖추고,쭈꾸미?음판매,사업장에서 접객시설을갖추고 쭈꾸미 음식판매,I56562
id_0116324,소주?에서,접객요원및 무도시설없이,소주 맥주,소주방에서 접객요원및 무도시설없이 소주 맥주,I56562
id_0100697,소주방,잡?요원없이,소주,소주방 접객요원없이 소주,I56562
id_0496161,영업장에서,?란인을 대상으로,주류와 안주 제공,영업장에서 일반인을 대상으로 주류와 안주 제공,I56562
id_0508959,음료점에서,접객시설을?추어,커피 음료 판매,음료점에서 접객시설을 갖추어 커피 음료 판매,I56562
id_0520683,접객시설갗추고,사업장에서,차와음?제공,접객시설갗추고 사업장에서 차와음료 제공,I56562
id_0167078,접객시설을 갖추고 ? 홍차 판매,,,접객시설을 갖추고 홍차 판매,I56562
id_0940855,접객시설을 갖추고 ?도리 꼬지 제공,,,접객시설을 갖추고 도리 꼬지 제공,I56562
id_0702540,주범에서,접?요원없이,소주 맥주,주점에서 접객요원없이 소주 맥주,I56562
id_0370835,주저에서,접객요원없이,? 맥주,주저에서 접객요원없이 맥주,I56562
id_0515972,주점에서,접객 시설을 갖추고,주류 안주?,주점에서 접객 시설을 갖추고 주류 안주,I56562
id_0251013,주점에서,접객요원무도시설없이,주류 ?안주,주점에서 접객요원 및 무도시설 없이 주류 안주,I56562
id_0652694,카페에서,접객시설을갖추고,커피와식사제?,커피숍에서 접객시설을갖추고 커피식사제공,I56562
id_0218421,커치?,접객시설을갖추고,커피쥬스,커피숍 접객시설을갖추고 커피쥬스,I56562
id_0230040,커피숍에서,접객시설을 갖추고,?음료,커피숍에서 접객시설을 갖추고 음료,I56562
id_0261640,커피숍에서,접객시설을갖추고,커?저트제공,커피숍에서 접객시설을갖추고 커피 디저트제공,I56562
id_0286952,커피전문점에서,접객시설을갖추고,원두? 공,커피전문점에서 접객시설을 갖추고 원두 제공,I56562
id_0178386,커피점에서,접객시설을 갖추고,? 음료제공,커피점에서 접객시설을 갖추고 음료제공,I56562
id_0936791,케피?에서,접객시설을갖추고,커피전문점,커피숍에서 접객시설을갖추고 커피전문점,I56562
id_0260271,키즈카페에서,접객시설을갖추고,음료 커?제공,키즈카페에서 접객시설을갖추고 음료 커피제공,I56562
id_0288762,키피?에서,접객시설을갖추고,커피제공,커피숍에서 접객시설을갖추고 커피제공,I56562
id_0723872,파리공원에서,접객시설을 갖추고,커피 ?화차등 제공,파리공원에서 접객시설을 갖추고 커피 쌍화차등 제공,I56562
id_0946007,포장마?에서,접객시설을갖추고,소주 맥주,포장마차에서 접객시설을갖추고 소주 맥주,I56562
id_0984704,? 전문점에서,접객시설을 갖추고,죽 판매,죽 전문점에서 접객시설을 갖추고 죽 판매,I56561
id_0704106,?에서,접객요원 무도시설없이,막창 소주,숍에서 접객요원 및 무도시설없이 막창 소주,I56561
id_0754843,?집에서,접객시설을갖추고,생선회판매,횟집에서 접객시설을갖추고 생선회판매,I56561
id_0576542,가게에서,?강정 튀김,판매서비스,가게에서 닭강정 튀김 판매서비스,I56561
id_0549312,가게에서,고객의주문을 ?아,찜닭배달,가게에서 고객의 주문을 받아 찜닭배달,I56561
id_0830934,가게에서,일반손님에게,타코?판매,가게에서 일반손님에게 타코 판매,I56561
id_0315782,,각종핫도그 ?밥 파스타 츄러스 치즈스틱 음료수판매,,각종핫도그 밥 파스타 츄러스 치즈스틱 음료수판매,I56561
id_0739716,갈비집에서,접객시설을갖추고,돼지 갈비찜 ?등심,갈비집에서 접객시설을갖추고 돼지 갈비찜 등심,I56561
id_0162150,,감자탕 ?해장국등을 판매하고 있음,,감자탕 해장국등을 판매하고 있음,I56561
id_0693447,고객의 의뢰에 의해 ? 백일상 음식 제공,,,고객의 의뢰에 의해 백일상 음식 제공,I56561
id_0800622,,고객의주문받아,피자배?서비스,고객의주문받아 피자배달서비스,I56561
id_0819190,과자 음료 ?배 등 소규모 매점 백숙,,,과자 음료 배 등 소규모 매점 백숙,I56561
id_0374001,구내식?엥서,음식을조리하여,식사제공,구내식당에서 음식을조리하여 식사제공,I56561
id_0467778,구내식당에서,음식을 조리하여,식?베공,구내식당에서 음식을 조리하여 식사제공,I56561
id_0137114,구내식당에서,회사와계악,구내급?,구내식당에서 회사와계약 구내급식,I56561
id_0217491,돼지?기 닭고기를가지고,조리하여,포장 배달판매,돼지고기 닭고기를가지고 조리하여 포장 배달판매,I56561
id_0210149,돼지국밥 돼지수? 주류,,,돼지국밥 돼지수육 주류,I56561
id_0815176,떡?기 판매,,,떡볶이 판매,I56561
id_0670553,매장에서,접객시설을갖추고,?요리제공,매장에서 접객시설을갖추고 요리제공,I56561
id_0263074,매장에서,주문을?이,치킨배달,매장에서 주문을 이 치킨배달,I56561
id_0333981,매장에서,즉석조리하여,?야끼제공,매장에서 즉석조리하여 야끼제공,I56561
id_0899518,분식점에서,간이음식조리하여,김밥?분식판매,분식점에서 간이음식조리하여 김밥 분식판매,I56561
id_0033345,분식점에서,일반인에세,?보꼬이 김밥판매,분식점에서 일반인에세 떡볶이 김밥판매,I56561
id_0405255,사업장에서,고객의 의뢰에 의해,캐?수업및 주문판매,사업장에서 고객의 의뢰에 의해 캐수업및 주문판매,I56561
id_0545677,소고기 돼지고기를 이용한 한식제?,,,소고기 돼지고기를 이용한 한식제,I56561
id_0814147,숯불?집에서,접객시설을 갖추고,숯불갈비한식위주로 판매,숯불고기집에서 접객시설을 갖추고 숯불갈비한식위주로 판매,I56561
id_0778964,식?엥서,일반인 대상으로,장어구이 판매,식당에서 일반인 대상으로 장어구이 판매,I56561
id_0211616,식당에서,?불시설을 갖추고,돼지고기소고기판매,식당에서 숯불시설을 갖추고 돼지고기소고기판매,I56561
id_0470454,식당에서,접객시석갖추고,동?개,식당에서 접객시설갖추고 동개,I56561
id_0668223,식당에서 접객시설없이 족?제공,,,식당에서 접객시설없이 고기제공,I56561
id_0588821,식당에서,접객시설을갖추고,? 오리백숙,식당에서 접객시설을갖추고 오리백숙,I56561
id_0232575,업소에서,일반인을 대상으로,찜닭 삼겹살 떡볶이 배?판매,업소에서 일반인을 대상으로 찜닭 삼겹살 떡볶이 배달판매,I56561
id_0621092,영업장에서,보삼음식조리,보쌈배?판매,영업장에서 보삼음식조리 보쌈배달판매,I56561
id_0231563,위?급식영업,,,위탁급식영업,I56561
id_0663369,음식점에서,고객에게,?닭판매,음식점에서 고객에게 찜닭판매,I56561
id_0001322,음식점에서,음식을조리하여,?겅종 치킨 판매,음식점에서 음식을조리하여 치킨 판매,I56561
id_0269937,음식점에서,일반인대상,?식 김밥,음식점에서 일반인대상 분식 김밥,I56561
id_0669169,음식점에서,접객시설갖추고,심?살,음식점에서 접객시설갖추고 삼겹살,I56561
id_0756967,음식점에서,접객시설없이,김치찌개 삼?살,음식점에서 접객시설없이 김치찌개 삼겹살,I56561
id_0769721,음식점에서,접객시설없이,닭?음탕 배달,음식점에서 접객시설없이 닭볶음탕 배달,I56561
id_0996462,음식점에서,접객시설을 갖추?,감자전 옹심이,음식점에서 접객시설을 갖추고 감자전 옹심이,I56561
id_0833018,음식점에서,접객시설?갖추고,?갈비배달,음식점에서 접객시설을 갖추고 갈비배달,I56561
id_0147390,음식점에서,접객시설을 갖추고,?볶음제공,음식점에서 접객시설을 갖추고 볶음제공,I56561
id_0428122,음식점에서,접객시설을 갖추고,?불갈비 판매,음식점에서 접객시설을 갖추고 불갈비 판매,I56561
id_0696391,음식점에서,접객시설을 갖추고,닭?음탕,음식점에서 접객시설을 갖추고 닭볶음탕,I56561
id_0285500,음식점에서,접객시설을 갖추고,부대찌개 한식부?,음식점에서 접객시설을 갖추고 부대찌개 한식부,I56561
id_0672743,음식점에서,접객시설을 갖추고,일본식 ?밥,음식점에서 접객시설을 갖추고 일본식 초밥,I56561
id_0753570,음식점에서,접객시설을 갖추고,일본식이아닌한국식회? 산낙지 생선회,음식점에서 접객시설을 갖추고 일본식이아닌한국식회 산낙지 생선회,I56561
id_0669942,음식점에서,잡?시설을 갖추고,전복? 송이죽제공,음식점에서 접객시설을 갖추고 전복죽 송이죽제공,I56561
id_0895912,음식점에서,접객시설을 갖추고,찜?제공,음식점에서 접객시설을 갖추고 찜닭제공,I56561
id_0533483,음식점에서,접객시설을 갖추고,치?,음식점에서 접객시설을 갖추고 치킨,I56561
id_0412958,음식점에서,접객시설을갖추?,닭곰탕판매,음식점에서 접객시설을갖추고 닭곰탕판매,I56561
id_0528793,음식점에서,접객시설을갖추고,?불소고기,음식점에서 접객시설을갖추고 불소고기,I56561
id_0550617,음식점에서,접객시설을갖추고,?브 찜,음식점에서 접객시설을갖추고 브 찜,I56561
id_0729835,음식점에서,접객시설을갖추고,?뽁이 튀김,음식점에서 접객시설을갖추고 떡볶이 튀김,I56561
id_0916291,음식점에서,접객시설을갖추고,김?개등판매,음식점에서 접객시설을갖추고 김밥개등판매,I56561
id_0154870,음식점에서,접객시설을갖추고,삼?살,음식점에서 접객시설을갖추고 삼겹살,I56561
id_0667339,음식점에서,접객시설을갖추고,오리요리 제?,음식점에서 접객시설을갖추고 오리요리 제공,I56561
id_0650418,접객시설을 갖추고,고객들에게,?국수판매,접객시설을 갖추고 고객들에게 국수판매,I56561
id_0731885,접객시설을 갖추고 고기위주? 식사를 제공함,,,접객시설을 갖추고 고기위주 식사를 제공함,I56561
id_0134640,접객시설을 갖추고 해물탕 해물 ? 판매,,,접객시설을 갖추고 해물탕 해물 판매,I56561
id_0573004,제과점에서,체인계약을 체결하여,빵 캐?,제과점에서 체인계약을 체결하여 빵 케잌,I56561
id_0703579,제괴점에서,접?서릉갖추고,빵,제괴점에서 접객시설을 갖추고 빵,I56561
id_0548465,치킨전문점에서,접객시설을 갖추고,후라? 양념통닭,치킨전문점에서 접객시설을 갖추고 후라이드 양념통닭,I56561
id_0873498,치킨집에서,접객시설 없이,치킨배? 서비스,치킨집에서 접객시설 없이 치킨배달 서비스,I56561
id_0404852,한?업,,,한방업,I56561
id_0962976,고시원에서,숙박시?을 갖추고,숙박제공,고시원에서 숙박시설을 갖추고 숙박제공,I55559
id_0447051,게스?하우스에서,숙박시설을 갖추고,숙박서비스제공,게스트하우스에서 숙박시설을 갖추고 숙박서비스제공,I55551
id_0235948,모?에서,숙박시설을갖추고,숙박서비스제공,모텔에서 숙박시설을갖추고 숙박서비스제공,I55551
id_0236230,모?에서,숙박시설을갖추고,숙박서비스제공,모텔에서 숙박시설을갖추고 숙박서비스제공,I55551
id_0862522,모텔에서,객실을 이용하여,숙박서비?,모텔에서 객실을 이용하여 숙박서비스,I55551
id_0915595,모텔에서,룸서비스없이 일반인대상츠로,숙박서비?공,모텔에서 룸서비스없이 일반인대상으로 숙박서비스 제공,I55551
id_0974241,모텔에서,숙박시설을갖추고,숙박서비?,모텔에서 숙박시설을갖추고 숙박서비스,I55551
id_0774904,사업장에서,,?텔운영,사업장에서 모텔운영,I55551
id_0499686,손님에게 숙박제?,,,손님에게 숙박제공,I55551
id_0069639,여관에서,개별?서비스없이 일반인대상으로,숙박서비스제공,여관에서 개별 서비스없이 일반인대상으로 숙박서비스제공,I55551
id_0253629,여관에서숙박시?을 갖추고 숙박서비스제공,,,여관에서숙박시설을 갖추고 숙박서비스제공,I55551
id_0411288,일반인대상으로,객?을,객실대여,일반인대상으로 객실을 객실대여,I55551
id_0368543,펜션에서,숙박시설을 갖추고,숙박서비스제?,펜션에서 숙박시설을 갖추고 숙박서비스제공,I55551
id_0394349,사무실에서,고객요청,수출입통관업무대?,사무실에서 고객요청 수출입통관업무대,H52529
id_0202875,사업장에서,?룰운송업자와 화주간에,화물운송 중개,사업장에서 룰운송업자와 화주간에 화물운송 중개,H52529
id_0563825,사업장에서,운송업자와화주간에,화물운송알선?주선,사업장에서 운송업자와화주간에 화물운송알선 주선,H52529
id_0464917,주차장에서,일반인차? 대상,주차장운영,주차장에서 일반인차량 대상 주차장운영,H52529
id_0984832,,주차장을 사납금제도로 운영하기?문에 관리하는 직원이 없다고 함,,주차장을 사납금제도로 운영하기 문에 관리하는 직원이 없다고 함,H52529
id_0040274,톨게이트,통행차?대상,통행료 징수,톨게이트 통행차량대상 통행료 징수,H52529
id_0040332,창고에서 고객의 요청한 ?품,온도조절장치없이,물품창고제공,창고에서 고객의 요청한 물품 온도조절장치없이 물품창고제공,H52521
id_0107202,항공기로,여행객 대상으로,국내?외 항공 여객을 운송,항공기로 여행객 대상으로 국내외 항공 여객을 운송,H51511
id_0816389,사업장에서,의뢰받아서,? 서비스,사업장에서 의뢰받아서 운송서비스,H49494
id_0375798,화물차?으로,일반인대상으로,택배운송,화물차량으로 일반인대상으로 택배운송,H49494
id_0837769,개인 이사업체,용달?물차로,이삿짐운송,개인 이사업체 용달화물차로 이삿짐운송,H49493
id_0910808,대형특수 및 견인차량으로,견인?구난 및 특수 목적용 대형 특수 자동차등,자동차운송 카캐리엌,대형특수 및 견인차량으로 견인 구난 및 특수 목적용 대형 특수 자동차등 자동차운송 카캐리엌,H49493
id_0017058,사업장에서,계약에 의해,화물운?,사업장에서 계약에 의해 화물운송,H49493
id_0667691,이삿짐센터에서,요?에 의해,포장이사,이삿짐센터에서 운송에 의해 포장이사,H49493
id_0403438,차?을 이용하여,고객에게,화물운송,차량을 이용하여 고객에게 화물운송,H49493
id_0951119,화물차량을,고객의 ?어,화물운송,화물차량을 고객의 어 화물운송,H49493
id_0484764,화물차를가지고,지입차?이,화물운송,화물차량을 가지고 지입차량이 화물운송,H49493
id_0912149,매장에서,온라인,생활?품,매장에서 온라인 생활용품,G47479
id_0172483,매장에서,인터넷으로,마? 쌀 화장품 판매,매장에서 인터넷으로 마 쌀 화장품 판매,G47479
id_0479111,사무실에서,온라인 인터넷 으로,랍스타 대게 킹크?,사무실에서 온라인 인터넷 으로 랍스타 대게 킹크랩,G47479
id_0672091,사무실에서,인터넷으로,캠핑용?,사무실에서 인터넷으로 캠핑용,G47479
id_0048675,사업장에서,일반인을대상으로,신문?달,사업장에서 일반인을대상으로 신문배달,G47479
id_0870560,의류를,인터넷을 ?해,옷판매,의류를 인터넷을 해 옷판매,G47479
id_0155046,인터넷을?해,일반대중을대상으로,생활용품판매,인터넷을 해 일반대중을대상으로 생활용품판매,G47479
id_0868431,?시장에서,일반소비자를 대상으로,생화 판매,꽃시장에서 일반소비자를 대상으로 생화 판매,G47478
id_0696995,?에서,일반고객에게,화장품판매,에서 일반고객에게 화장품판매,G47478
id_0751104,?집에서,일반고객을 대상으로,꽃 화초 소매,꽃집에서 일반고객을 대상으로 꽃 화초 소매,G47478
id_0751756,?집에서,일반소비자에게,꽃판매,꽃집에서 일반소비자에게 꽃판매,G47478
id_0752435,?집에서,일반소비자에게,화분 생화,꽃집에서 일반소비자에게 화분 생화,G47478
id_0752317,?집에서,일반소비자에게소매,꽃 화분,꽃집에서 일반소비자에게소매 꽃 화분,G47478
id_0752510,?집에서,일반인대상으로,꽃 소매,꽃집에서 일반인대상으로 꽃 소매,G47478
id_0116255,가게에서,일반소비자에게,?,가게에서 일반소비자에게,G47478
id_0905554,가판대,고객에게,?판매,가판대 고객에게 꽃판매,G47478
id_0183605,꽃가게에서,일반 소비자에게,? 생화 소매,꽃가게에서 일반 소비자에게 꽃 생화 소매,G47478
id_0173207,꽃가게에서,일반소비자에게,? 난소매,꽃가게에서 일반소비자에게 꽃 난소매,G47478
id_0192411,꽃가게에서,일반소비자에게,?소매,꽃가게에서 일반소비자에게 꽃소매,G47478
id_0160667,꽃가게에서,일반소비자에게,꽃 화? 난소매,꽃가게에서 일반소비자에게 꽃 화 난소매,G47478
id_0471125,꽃집에서,고객에게,?판매,꽃집에서 고객에게 꽃 판매,G47478
id_0491947,꽃집에서,방문?일반고객대상으로,꽃,꽃집에서 방문 일반고객대상으로 꽃,G47478
id_0538270,꽃집에서,시설을갖추고,?판매,꽃집에서 시설을갖추고 꽃 판매,G47478
id_0862623,매장에서,고객에게,낚시및성인용품판?,매장에서 고객에게 낚시및성인용품판매,G47478
id_0263026,매장에서,꽃다?을 만들어,꽃다발판매,매장에서 꽃다발을 만들어 꽃다발판매,G47478
id_0091093,매장에서,소비자에게,?지 목걸이판매,매장에서 소비자에게 지 목걸이판매,G47478
id_0890155,매장에서,일반고객을대상으로,안경 콘텍트?즈,매장에서 일반고객을대상으로 안경 콘텍트렌즈,G47478
id_0338547,매장에서,일반소비자에게,애완용 동물 ? 용품 판매,매장에서 일반소비자에게 애완용 동물 용품 판매,G47478
id_0174176,매장에서,일반소비자에게,화장?,매장에서 일반소비자에게 화장품,G47478
id_0153153,매장에서,일반인을 대상으로,? 허분,매장에서 일반인을 대상으로 허분,G47478
id_0102102,사업장,일반인대상,?판매,사업장 일반인대상 판매,G47478
id_0791442,사업장에서,일반고객을 대상으로,은행선물?트납품,사업장에서 일반고객을 대상으로 은행선물 트납품,G47478
id_0060712,사업장에서,일반고객을 대샹으로,화장당? 소매,사업장에서 일반고객을 대샹으로 화장품 소매,G47478
id_0739704,애완?에서,구매고객에게,애견분양,애완숍에서 구매고객에게 애견분양,G47478
id_0700618,애완견?에서,일반소비자에게,애완용동물및관련용품소매,애완견숍에서 일반소비자에게 애완용동물및관련용품소매,G47478
id_0742405,애완용돈물?관련용품,애완용품울소매하는산업활동,애완용동물사료,애완용동물 관련용품 애완용품울소매하는산업활동 애완용동물사료,G47478
id_0271863,약국에서,병원 외래환자 일반인에게,처방약? 일반의약품,약국에서 병원 외래환자 일반인에게 처방약 일반의약품,G47478
id_0024089,약국에서,일반소비자에게,약조제 ? 드링크판매,약국에서 일반소비자에게 약조제 드링크판매,G47478
id_0713231,약국에서,차방이필요한대상으로,약처?전 드링크,약국에서 차방이필요한대상으로 약처방전 드링크,G47478
id_0322479,영업장소에서,일반고객에게,?과 화분,영업장소에서 일반고객에게 꽃과 화분,G47478
id_0429501,영업장에서,일반소비자에게,? 난판매,영업장에서 일반소비자에게 꽃 난판매,G47478
id_0773354,영업장에서,일반인들에게,? 화분등판매,영업장에서 일반인들에게 꽃 화분등판매,G47478
id_0081269,일반소비자에게,?료기매장에서,의료기기,일반소비자에게 의료기매장에서 의료기기,G47478
id_0244865,재배된 화초를,일반소비자에게,? 난등 판매,재배된 화초를 일반소비자에게 꽃 난등 판매,G47478
id_0806836,주얼리?에서,일반이대상으로,금은 악세사리 소매,주얼리숍에서 일반이대상으로 금은 악세사리 소매,G47478
id_0145483,?양가스에서,일반소비자에게,가스소매,양가스에서 일반소비자에게 가스소매,G47477
id_0950853,주유소,소매업,휘발유 경유 등?판매,주유소 소매업 휘발유 경유 등유 판매,G47477
id_0293373,주유소에서,?유시설을갖추고일반소비자에게,차량용액체원료소매,주유소에서 급유시설을갖추고일반소비자에게 차량용액체원료소매,G47477
id_0117040,주유소에서,급유시설을 갖추고 차?u용 액체연료 소매,휘발유 경유,주유소에서 급유시설을 갖추고 차량용 액체연료 소매 휘발유 경유,G47477
id_0005328,주유소에서,주유시설을 갖추고,차?용액체연료 소매,주유소에서 주유시설을 갖추고 차량용액체연료 소매,G47477
id_0210159,공원내에서,이용객을 대상으로,기프트?,공원내에서 이용객을 대상으로 기프트,G47476
id_0407492,소비자에게,가게에서,cd? 음반,소비자에게 가게에서 cd 음반,G47476
id_0522304,스쿠버?에서,고객들에게,각종수쿠버활동용품,스쿠버에서 고객들에게 각종스쿠버활동용품,G47476
id_0668086,영업장에서,일반소비자에게,?시장비소매,영업장에서 일반소비자에게 시장비소매,G47476
id_0057046,매장에서,고객주문을?아,도배칠공사,매장에서 고객주문을 받아 도배칠공사,G47475
id_0269296,매장에서,소비자를 대상으로,벽지? 정펀,매장에서 소비자를 대상으로 벽지 정펀,G47475
id_0354496,샷시유리,주택 샷시문 제작?g,샷시 시공및 판매,샷시유리 주택 샷시문 제작 샷시 시공및 판매,G47475
id_0308208,조명기구?,일반소비자를대상으로,조명기구소매,조명기구 일반소비자를대상으로 조명기구소매,G47475
id_0075129,철물,소매,앵글 수도?룸,철물 소매 앵글 수도룸,G47475
id_0538244,가게에서,일반소비자에게,여자용자? 바지,가게에서 일반소비자에게 여자용자 바지,G47474
id_0845071,대?할인매장에서,일반소비자에게,액세서리 가방소매,대형할인매장에서 일반소비자에게 액세서리 가방소매,G47474
id_0964873,매장에서,고객에게소매,남성?류,매장에서 고객에게소매 남성의류,G47474
id_0843277,매장에서,고객을대상으로 소매업,셔츠 ? 기타의복,매장에서 고객을대상으로 소매업 셔츠 기타의복,G47474
id_0134119,매장에서,일반고객을대상으로,티? 바지,매장에서 일반고객을대상으로 티셔츠 바지,G47474
id_0535755,매장에서,일반소비자에게,여성?류,매장에서 일반소비자에게 여성의류,G47474
id_0269325,매장에서,일반인 상?로,여성복판매,매장에서 일반인 대상로 여성복판매,G47474
id_0696051,매장에서,일반인에게,여성?류,매장에서 일반인에게 여성의류,G47474
id_0334852,매장에서,일반인을 상대로,여성용 코트 ?,매장에서 일반인을 상대로 여성용 코트,G47474
id_0001845,매장에서,일반인을대상으로,? 티셔츠,매장에서 일반인을대상으로 티셔츠,G47474
id_0069451,사업장,일반인대상으로,캐주얼?판매,사업장 일반인대상으로 캐주얼 판매,G47474
id_0209013,사업장에서,고객을 대상으로,족부체형?춤판매,사업장에서 고객을 대상으로 족부체형춤판매,G47474
id_0729397,사업장에서,일반소비자에게,?트 소매,사업장에서 일반소비자에게 트 소매,G47474
id_0254262,산업사용자에게,영업장에서,포장재 장갑 ? 소매,산업사용자에게 영업장에서 포장재 장갑 소매,G47474
id_0818598,영업장에서,일반인에게,귀금?소매,영업장에서 일반인에게 귀금속 소매,G47474
id_0020361,영업장에서,일반인을대상으로,구제의류?,영업장에서 일반인을대상으로 구제의류,G47474
id_0968591,옷집에서,일반소비자에게,바지?의류소매,옷집에서 일반소비자에게 바지 의류소매,G47474
id_0124323,일반고객을 대상으로,매장에서,침구 커튼 블라?드,일반고객을 대상으로 매장에서 침구 커튼 블라인드,G47474
id_0840807,일반소비자에게,가게에서,개량한복? 기성한복소매,일반소비자에게 가게에서 개량한복 기성한복소매,G47474
id_0778955,사업장에서,일반인을 대상으로,휴대?통신기기,사업장에서 일반인을 대상으로 휴대용 통신기기,G47473
id_0365274,가게에서,일반소비자 대상으로,김 ?태판매등 건어물,가게에서 일반소비자 대상으로 김 황태판매등 건어물,G47472
id_0598825,가게에서,일반인을대상으로,떡케이?나매,가게에서 일반인을대상으로 떡케잌 판매,G47472
id_0820534,감,?감,소매,감 감 소매,G47472
id_0089726,매장에서,일반고객,신선?동 및 수산물소개업,매장에서 일반고객 신선동 및 수산물소개업,G47472
id_0587174,사?장에서,일반소비자에게,생선회 소매,사업장에서 일반소비자에게 생선회 소매,G47472
id_0258322,사업장에서,?만소비자에게,젓갈류,사업장에서 일반소비자에게 젓갈류,G47472
id_0388468,사업장에서,일반인을대상으로,과일?채소판매,사업장에서 일반인을대상으로 과일 채소판매,G47472
id_0853416,유통에서,,?판매,유통에서 판매,G47472
id_0634892,가게에서 면적?미만,일반인을대상으로,음식료품 소매,가게에서 면적미만 일반인을대상으로 음식료품 소매,G47471
id_0548542,마트에서,일반소비자에게,식 음료 제?,마트에서 일반소비자에게 식 음료 제,G47471
id_0864346,매장에서,고객의 요청으로,식품?잡화 소매,매장에서 고객의 요청으로 식품 잡화 소매,G47471
id_0397784,매장에서,체인계약을 체결하여,식료? 담매소매,매장에서 체인계약을 체결하여 식료품 담매소매,G47471
id_0295150,사업장에서,매장면적면적 미만 을 갖추고,음?식료품 위주 소매,사업장에서 매장면적면적 미만 을 갖추고 음식료품 위주 소매,G47471
id_0484292,사업장에서,매장면직면적의 시설을 갖추고,음식료?위주소매,사업장에서 매장면직면적의 시설을 갖추고 음식료품위주소매,G47471
id_0428639,사업장에서,일반고객에게,창고형반품?,사업장에서 일반고객에게 창고형반품,G47471
id_0398038,슈퍼마켓에서,,음 식?품소매,슈퍼마켓에서  음 식료품소매,G47471
id_0696108,슈퍼에서 m미만,일반소비자에게 소매,기타음식료?위주 음료수 과자,슈퍼에서 m미만 일반소비자에게 소매 기타음식료품위주 음료수 과자,G47471
id_0795543,편의점애서,계약체결하여,식료품 ?배 판매,편의점애서 체인계약을 체결하여 식료품 담배 판매,G47471
id_0432643,편의점에서,체인계?을 체결하여,식료품 담배,편의점에서 체인계약을 체결하여 식료품 담배,G47471
id_0109219,편의점에서,체인계약?체결하고,식 음료품소매,편의점에서 체인계약을 체결하고 식 음료품소매,G47471
id_0816254,편의점에서,체인계약을 통해 일반소비자에게,식료품 담배 ? 각종상품 소매,편의점에서 체인계약을 통해 일반소비자에게 식료품 담배 각종상품 소매,G47471
id_0385706,홍보물 판촉물 화장품 기타직물제품 잡화 문구용품 ?,,,홍보물 판촉물 화장품 기타직물제품 잡화 문구용품,G47471
id_0278935,?업장에서,산업사용자에게,금속초면처리 화학제품,사업장에서 산업사용자에게 금속초면처리 화학제품,G46467
id_0085338,농약사에서,일반소비자에게,혼?화학용비료와농업용용약물을판매,농약사에서 일반소비자에게 혼합화학용비료와농업용용약물을판매,G46467
id_0397001,사업장에서,도매 ? 산업사용자에게,공병 고철 기타판매,사업장에서 도매 산업사용자에게 공병 고철 기타판매,G46467
id_0933527,사업장에서,산업사용자에게,h빔 각종?재도매,사업장에서 산업사용자에게 h빔 각종 재도매,G46467
id_0408877,사업장에서,설비업체에,동관 ?인레스관 도매,사업장에서 설비업체에 동관 스테인레스관 도매,G46467
id_0868708,사업장에서,차량이용,재생재료?비판매 알루미늄,사업장에서 차량이용 재생재료 비판매 알루미늄,G46467
id_0769288,영업장에서,산업사용자대상,?지도매,영업장에서 산업사용자대상 지도매,G46467
id_0666177,골재 철물관련?품을 건축 자재를,사업장에서,모래 골재 철물,골재 철물관련품을 건축 자재를 사업장에서 모래 골재 철물,G46466
id_0804736,매장에서,도매,드라이버 ?치등 수공구,매장에서 도매 드라이버 치등 수공구,G46466
id_0878871,사업장에서,다른소매업자에게,온돌판? 필름도매,사업장에서 다른소매업자에게 온돌판 필름도매,G46466
id_0608405,사업장에서,산업사용자에게,?트도매,사업장에서 산업사용자에게 시멘트도매,G46466
id_0729434,사업체에서,골재 ?돌및 시멘트,도매함,사업체에서 골재 돌및 시멘트 도매함,G46466
id_0080120,cctv 보안장비 네트워크장비외 주차관제및출입통제장?,,,cctv 보안장비 네트워크장비외 주차관제및출입통제장,G46465
id_0914480,레이저커팅기 조각기 금속가동기 공작기계 선반 ?,,,레이저커팅기 조각기 금속가동기 공작기계 선반,G46465
id_0754551,매장에서,힐스?찜질방,의료기판매,매장에서 힐스찜질방 의료기판매,G46465
id_0916447,사업장에서,산업? 사용자,사무용 기기 도매,사업장에서 산업 사용자 사무용 기기 도매,G46465
id_0586011,사업장에서,산업사용자에게,미?기기 도매,사업장에서 산업사용자에게 미기기 도매,G46465
id_0740812,사업장에서,소매업체대상으로,컴퓨?주변기기,사업장에서 소매업체대상으로 컴퓨터주변기기,G46465
id_0960578,정보통신 네트워크 광케이블접속공사 정보통신기기설?,,,정보통신 네트워크 광케이블접속공사 정보통신기기설비,G46465
id_0781894,매장에서,소매,타?판매,매장에서 소매 타판매,G46464
id_0495281,매장에서,소매업자를 대상?,화장품,매장에서 소매업자를 대상 화장품,G46464
id_0843426,매장에서,소매업자에게 도매,name?,매장에서 소매업자에게 도매 name,G46464
id_0208615,매장에서,일반소비자? 대상으로,낚시용품 도 소매,매장에서 일반소비자 대상으로 낚시용품 도 소매,G46464
id_0650190,목재 원목가구를,주문의뢰받아,원목가구?신판매,목재 원목가구를 주문의뢰받아 원목가구신판매,G46464
id_0058463,사어?에서,다른소매업자에게,물티슈및 생활용품도매,사업장에서 다른소매업자에게 물티슈및 생활용품도매,G46464
id_0388857,사업장에서,업체를 대상으로,?광등 조명기구 도매,사업장에서 업체를 대상으로 광등 조명기구 도매,G46464
id_0096373,사업체에서,의뢰인대상,광고 이?판촉물,사업체에서 의뢰인대상 광고 이판촉물,G46464
id_0945651,영업장에서,고객대상으로,도서?인쇄물,영업장에서 고객대상으로 도서인쇄물,G46464
id_0749754,영업장에서,일반소비자에게,의료?체험,영업장에서 일반소비자에게 의료체험,G46464
id_0236031,?류,가공발골하여,돈육,육류 가공발골하여 돈육,G46463
id_0803569,?주 약주 청주 민속주,,,소주 약주 청주 민속주,G46463
id_0504061,각음식점에,영업장에서,가공식품 유?,각음식점에 영업장에서 가공식품 유통,G46463
id_0600280,낙농품 및 동?식물성 유지 도매업,,,낙농품 및 동물식물성 유지 도매업,G46463
id_0584439,사?장에서,소매업자에게,양파도매,사업장에서 소매업자에게 양파도매,G46463
id_0354723,영업장에서,음식점에,간장 ?장도매,영업장에서 음식점에 간장 장도매,G46463
id_0169073,지역농산물 ?감 감식초 채소류 판매,,,지역농산물 감 감식초 채소류 판매,G46463
id_0677698,사업장에서,무역도매,참?,사업장에서 무역도매 참,G46462
id_0802618,소매업자자를 대상으로,묘목,과수묘? 판매,소매업자자를 대상으로 묘목 과수묘목 판매,G46462
id_0485229,정원수 잔디 묘목,도소매,묘? 및 정원수 판매,정원수 잔디 묘목 도소매 묘목 및 정원수 판매,G46462
id_0518410,중개를통하여,사업장에서,생활잡화 선물?트 판촉물 도매,중개를통하여 사업장에서 생활잡화 선물트 판촉물 도매,G46461
id_0904700,매장에서,오토바이 ?터에 도매,오토바이부품판매,매장에서 오토바이 터에 도매 오토바이부품판매,G45453
id_0923225,오토바이 대리점,소매업자에게 도매,신품 ? 중고 오토바이 도매,오토바이 대리점 소매업자에게 도매 신품  중고 오토바이 도매,G45453
id_0004100,일반일대상으로,매장에서,오토바이?부품,일반일대상으로 매장에서 오토바이부품,G45453
id_0494527,대전 충청로드?,사무실에서,네비게이션 블랙박스도매,대전 충청로드 사무실에서 네비게이션 블랙박스도매,G45452
id_0081036,사업장에서,일반고객을상대로,자동차용 내장용신?판매,사업장에서 일반고객을상대로 자동차용 내장용신판매,G45452
id_0094141,사업장에서,일반고객의요처으로,타이어?체및판매,사업장에서 일반고객의요처으로 타이어체및판매,G45452
id_0727552,사업장에서,일반소비자에게,밧데리 차?용 차량소모품소매,사업장에서 일반소비자에게 밧데리 차량용 차량소모품소매,G45452
id_0092561,사업장에서,폐자동차를?해,자동차 중고부품 수출,사업장에서 폐자동차를 해 자동차 중고부품 수출,G45452
id_0781992,자동차용 신품 타이어 및 튜브를 도?소매하는 산업활동을 말한다,,,자동차용 신품 타이어 및 튜브를 도소매하는 산업활동을 말한다,G45452
id_0168022,사업장에서,배를이용,중?차수출,사업장에서 배를이용 중고차수출,G45451
id_0467189,사업장에서,장비 ?프카,임대업,사업장에서 장비 캠프카 임대업,F42426
id_0373901,철근 콘크리트,직접시공,철근및 철근 콘크? 공사업,철근 콘크리트 직접시공 철근및 철근 콘크리트 공사업,F42425
id_0891991,고객의 사업장에서,고객요구에따라,살냐정삭 ? 안테리어,고객의 사업장에서 고객요구에따라 실내장식 인테리어,F42424
id_0463194,고객의사업장에서,?요구에의해,실내바닥인테리어,고객의사업장에서 요구에의해 실내바닥인테리어,F42424
id_0659039,도배지 장판,일반인 대상,도배장판 ? 실내장식공사,도배지 장판 일반인 대상 도배장판 실내장식공사,F42424
id_0680278,사업장에서,고객의 요청으로,미장 타일? 방수 공사업,사업장에서 고객의 요청으로 미장 타일 방수 공사업,F42424
id_0733298,사업장에서,의뢰를 ?아,페인트칠 공사,사업장에서 의뢰를 받아 페인트칠 공사,F42424
id_0789727,의뢰?은장소에서,시설을 갖추고,도배 장판,의뢰받은장소에서 시설을 갖추고 도배 장판,F42424
id_0330297,인테리어공사 건당 공사예정금액 천백만원 미만인 ?,,,인테리어공사 건당 공사예정금액 천백만원 미만인,F42424
id_0095919,현장에서,고객의 요구에 ?,인테리어 리모델링,현장에서 고객의 요구에 인테리어 리모델링,F42424
id_0711072,영업장에서,고객의 의뢰를 받아,통신 인터? 개통서비스,영업장에서 고객의 의뢰를 받아 통신 인터넷 개통서비스,F42423
id_0253906,현장에서,고객의?받아,전기통신공사,현장에서 고객의뢰 받아 전기통신공사,F42423
id_0991309,건?현장에서,고객요청에 의한,상하수도 배관공사,건설현장에서 고객요청에 의한 상하수도 배관공사,F42422
id_0235239,공사현장에서,건물?기계장비,설치,공사현장에서 건물기계장비 설치,F42422
id_0237602,배관 및 냉 난방 공사업 건물용 기계장비 설치 공사?,,,배관 및 냉 난방 공사업 건물용 기계장비 설치 공사,F42422
id_0197734,?언지하수개발에서,계약등을 통해,지하수개발,언지하수개발에서 계약등을 통해 지하수개발,F42421
id_0369157,건물 및 구축물 해체 공사업 철골 공사업 철근 및 철?,,,건물 및 구축물 해체 공사업 철골 공사업 철근 및 철근,F42421
id_0790547,건설업자,고객의 요청으로,철근? 철근콘크리트공사사,건설업자 고객의 요청으로 철근 철근콘크리트공사사,F42421
id_0091432,건설현장에서,공사진?하기전,비계 형틀공사,건설현장에서 공사진행하기전 비계 형틀공사,F42421
id_0777663,사업장에서,고객의요청에의해,건?철거 시설물공사관리,사업장에서 고객의요청에의해 건물철거 시설물공사관리,F42421
id_0450436,사업장에서,사용자요구에따라,?조물공사,사업장에서 사용자요구에따라 건조물공사,F42421
id_0495378,산업?장에서,고객의 요구에 따라,콘크리트및 철근공사업,사업장에서 고객의 요구에 따라 콘크리트및 철근공사업,F42421
id_0804847,토지 건물 건설현장,주거용주?긍 개발,토목공사,토지 건물 건설현장 주거용주긍 개발 토목공사,F42421
id_0403507,현장에서,고객요청에 따라,토공사재?공사,현장에서 고객요청에 따라 토공사재공사,F42421
id_0916599,현장에서,고객의 요청으 로,파일공사 ? 축조관련기초 공사업,현장에서 고객의 요청으로 파일공사 축조관련기초 공사업,F42421
id_0277697,name?,고객의요구대로,교량보수공사,name? 고객의요구대로 교량보수공사,F41412
id_0718354,name?,일반인대상,조경건설업,name? 일반인대상 조경건설업,F41412
id_0987703,건?현장에서,고객요구에따라,단독주택택지조성공사,건설현장에서 고객요구에따라 단독주택택지조성공사,F41412
id_0142264,,조경식재?조경시설물설치공사,,조경식재 조경시설물설치공사,F41412
id_0585929,건설?장에서,중장비를이용하여,종합주택건설,건설현장에서 중장비를이용하여 종합주택건설,F41411
id_0894167,건설현장에,고객의요구에따라철근및?크리트를이용하여,아파트시공,건설현장에 고객의요구에따라철근및콘크리트를이용하여 아파트시공,F41411
id_0713316,건설현장에서,고객요구에따라,철근및시멘트로단독주주?,건설현장에서 고객요구에따라 철근및시멘트로단독주주,F41411
id_0414891,건설현장에서,고객의요구에따라,기타비거주용 건물건?,건설현장에서 고객의요구에따라 기타비거주용 건물건축,F41411
id_0548782,주거용건물 건설업 단독 및 연립주택 건설업 아파?,,,주거용건물 건설업 단독 및 연립주택 건설업 아파트,F41411
id_0666523,사업장에서,금속류 ?에및 선별,절단 압축,사업장에서 금속류 에및 선별 절단 압축,E38383
id_0684454,폐플라스틱,파쇄,플라?틱가루,폐플라스틱 파쇄 플라스틱가루,E38383
id_0178524,생활폐기물소각장,계약에 의거,매립? 소각 처리,생활폐기물소각장 계약에 의거 매립 소각 처리,E38382
id_0350555,쓰레기 매립장 운영,계약에 의거,매립? 소각 처리,쓰레기 매립장 운영 계약에 의거 매립 소각 처리,E38382
id_0895050,지정외 폐기물 수집운반업 지정폐기물 수집운반업 건?,하수 폐기물처리 원료재생 및,폐기물,지정외 폐기물 수집운반업 지정폐기물 수집운반업 건 하수 폐기물처리 원료재생 및 폐기물,E38381
id_0121105,사업장에서,배관시설을 ?해,증기공급,사업장에서 배관시설을 해 증기공급,D35353
id_0734321,건설?광업용 기계 및 장비 수리업,,,건설광업용 기계 및 장비 수리업,C34340
id_0693104,?에서,고객을대상으로,가발 서비스,에서 고객을대상으로 가발 서비스,C33339
id_0881791,,도장? 고무인장 제작,,도장 고무인장 제작,C33339
id_0527165,사업장에서,고객의요청으로,간판?광고물제조,사업장에서 고객의요청으로 간판 광고물제조,C33339
id_0441608,영업장에서,고객요청에의해,간판?광고물제작,영업장에서 고객요청에의해 간판 광고물제작,C33339
id_0491343,인형 및 장난감 제조업 영상게임기 제조업 기타 오락?,,,인형 및 장난감 제조업 영상게임기 제조업 기타 오락,C33334
id_0269715,모조 귀금속 및 모조 장신용품 제조업 조화 및 모조?,,,모조 귀금속 및 모조 장신용품 제조업 조화 및 모조품,C33331
id_0930682,?목,가공 조립 제작,의자 주방서랍장등,목 가공 조립 제작 의자 주방서랍장등,C32320
id_0247420,나무,재단 조립,씽크대?대,나무 재단 조립 씽크대대,C32320
id_0254167,매장에서,일반인상대로,?춤가구 씽크대 붙박이장 신발장등 판매,매장에서 일반인상대로 맞춤가구 씽크대 붙박이장 신발장등 판매,C32320
id_0592569,사업장에서,고객의 주문을 받아,?춤가구 씽크대 붙악이장 등,사업장에서 고객의 주문을 받아 맞춤가구 씽크대 붙악이장 등,C32320
id_0562551,기관차 및 기타 철도차량 제조업 철도차량부품 및 관?,,,기관차 및 기타 철도차량 제조업 철도차량부품 및 관,C31312
id_0258447,전선,조립가공,기타자동차부?,전선 조립가공 기타자동차부품,C30303
id_0877039,플라스틱도료,입고 검사,범퍼? 휠커버,플라스틱도료 입고 검사 범퍼 휠커버,C30303
id_0296225,?문 금속 유리창,가공조립해서,자동도어제작,문 금속 유리창 가공조립해서 자동도어제작,C29292
id_0847085,가계제작,산업체로,?,가계제작 산업체로,C29292
id_0208167,나무,?아서,목형,나무 아서 목형,C29292
id_0783444,사업장에서,고무를 이용하여,몰드 ? 제조,사업장에서 고무를 이용하여 몰드 제조,C29292
id_0741121,쇠,금형 틀을 ?아서,회사 납품,쇠 금형 틀을 아서 회사 납품,C29292
id_0083585,주물 nc,?계 주조,,주물 nc 계 주조,C29292
id_0842701,철 동,가공,금형 핸드폰 밧데리 자동차밧데리부?,철 동 가공 금형 핸드폰 밧데리 자동차밧데리부품,C29292
id_0074832,철,제괸용접,피?기계,철 제관용접 피기계,C29292
id_0703527,철판,철판가공?용접,농업용기계,철판 철판가공 용접 농업용기계,C29292
id_0499283,토목공사 및 유사용 기계장비 제조업 광물처리 및 취?,제조업,건설기계장비,토목공사 및 유사용 기계장비 제조업 광물처리 및 취 제조업 건설기계장비,C29292
id_0967280,벨브 actuator,조립 검사,산업?벨브제조,벨브 actuator 조립 검사 산업벨브제조,C29291
id_0523939,볼베어링 및 롤러베어링 제조업 기어 및 동력전달장?,,,볼베어링 및 롤러베어링 제조업 기어 및 동력전달장치,C29291
id_0862117,사업장에서,연속식으로작동되?,컨베이어장치제조,사업장에서 연속식으로작동되 컨베이어장치제조,C29291
id_0400903,산업용냉장및냉동장비 공기조절장치 소화기등 공기청?,,,산업용냉장및냉동장비 공기조절장치 소화기등 공기청,C29291
id_0915487,승강기 제조업 컨베이어장치 제조업 기타 물품취급장?,,,승강기 제조업 컨베이어장치 제조업 기타 물품취급장치,C29291
id_0711559,오?셔케이스냉장 냉동고,일반소비자주문,냉장 냉동장비제조,오셔케이스냉장 냉동고 일반소비자주문 냉장 냉동장비제조,C29291
id_0315037,주?텐,선반가공,탭밸브및유사장치,주텐 선반가공 탭밸브및유사장치,C29291
id_0055004,철,절? 용접 가공,컨베이어,철 절단 용접 가공 컨베이어,C29291
id_0811867,사업장에서,,전력기기예방진?장비제조,사업장에서  전력기기예방진장비제조,C28289
id_0708534,led 태양? 충전지,디자인 조립 금영,태양광램프제조,led 태양 충전지 디자인 조립 금영 태양광램프제조,C28284
id_0741018,pcb 젤네일칩,자?입고 조립,젤 네일용램프,pcb 젤네일칩 자입고 조립 젤 네일용램프,C28284
id_0105179,광코드 ?커넥터,원자재입고 권치,,광코드 커넥터 원자재입고 권치,C28283
id_0575857,구리 pe,구리 필? 합지 절단,,구리 pe 구리 필 합지 절단,C28283
id_0348166,배선연결,전기부품,자?화 판넬제작,배선연결 전기부품 자화 판넬제작,C28281
id_0979302,사업장에서,고객요구에따라,계장제어?배전반,사업장에서 고객요구에따라 계장제어배전반,C28281
id_0029931,사업장에서,고객요구에따라,변완기?기타유도자제조,사업장에서 고객요구에따라 변완기기타유도자제조,C28281
id_0641181,전기회로 보호장치,결?장착하여,전기자동차판넬,전기회로 보호장치 결장착하여 전기자동차판넬,C28281
id_0757206,전동기 및 발전기 제조업 변압기 제조업 방전램프용 ?,,,전동기 및 발전기 제조업 변압기 제조업 방전램프용,C28281
id_0133693,광학렌즈 및 광학요소 제조업 사진기 영사기 및 관?,,,광학렌즈 및 광학요소 제조업 사진기 영사기 및 관,C27273
id_0134783,서스 철판,머니싱,물질검사 측정및 ?석기구,서스 철판 머니싱 물질검사 측정및 석기구,C27272
id_0296993,콘덴서 ?항등으로,주문자에게,전자회로제작,콘덴서 저항등으로 주문자에게 전자회로제작,C27272
id_0480297,기공소에서,치과의 의?를 받아,교정장치,기공소에서 치과의 의뢰를 받아 교정장치,C27271
id_0733100,해비메탈 스톤,혼합가?하여,틀니 보철,해비메탈 스톤 혼합가공하여 틀니 보철,C27271
id_0407918,라디오 녹음 및 재생 기기 텔레비전 비디오 및 기?,,,라디오 녹음 및 재생 기기 텔레비전 비디오 및 기,C26265
id_0648215,제조,업체의뢰받아,전기 전자부품 핸드폰? 제조,제조 업체의뢰받아 전기 전자부품 핸드폰 제조,C26264
id_0722544,전자코일 변성기 및 기타 전자유도자 제조업 전자접?,,,전자코일 변성기 및 기타 전자유도자 제조업 전자접,C26262
id_0012896,다이오드 트랜지스터 및 유사 반도체소자 전자집적?,제조업,전자제품장비부품,다이오드 트랜지스터 및 유사 반도체소자 전자집적 제조업 전자제품장비부품,C26261
id_0347379,산업용ssd전문,산업자의뢰로,반도체?,산업용ssd전문 산업자의뢰로 반도체,C26261
id_0575842,?은 철판 및 쇠봉,프레스가공,자동차 엔진부품,은 철판 및 쇠봉 프레스가공 자동차 엔진부품,C25259
id_0847520,공장에서,고객에 의뢰를 ?아,철판절단 절곡,공장에서 고객에 의뢰를 받아 철판절단 절곡,C25259
id_0811648,금속,니켈도금 헤드레스트,도금 자?차헤드스틸바,금속 니켈도금 헤드레스트 도금 자차헤드스틸바,C25259
id_0905784,날붙이 제조업 비동력식 수공구 제조업 톱 및 호환성?,,,날붙이 제조업 비동력식 수공구 제조업 톱 및 호환성,C25259
id_0316288,알루미늄 sus부품,가공,반도체부? sus,알루미늄 sus부품 가공 반도체부품 sus,C25259
id_0098527,철가공물크?,탈취엣칭도금건조하여,금속도금,철가공물크 탈취엣칭도금건조하여 금속도금,C25259
id_0239161,페인트,입고 준비,?,페인트 입고 준비,C25259
id_0326771,항동,단조 가공,건축자재 소?용품실설비자재,항동 단조 가공 건축자재 소용품실설비자재,C25259
id_0134095,?판,재단 절단 절곡용접 도장,금속문 아파트현관문,판 재단 절단 절곡용접 도장 금속문 아파트현관문,C25251
id_0225808,알루미?,조립 피스 나사,샷시,알루미늄 조립 피스 나사 샷시,C25251
id_0100520,철판,절단 가공,?판샤링 에치빔,철판 절단 가공 판샤링 에치빔,C25251
id_0886901,동 압연 압출 및 연신제품 제조업 기타 차 비철금?,,,동 압연 압출 및 연신제품 제조업 기타 차 비철금,C24242
id_0887005,동 압연 압출 및 연신제품 제조업 알루미늄 압연 ?,,,동 압연 압출 및 연신제품 제조업 알루미늄 압연,C24242
id_0991810,돌을가지고,기계로 ?아서,비석 상돌제조,돌을가지고 기계로 아서 비석 상돌제조,C23239
id_0675755,석재 철판,?기,비석,석재 철판 기 비석,C23239
id_0363742,콘크리트 타일 기와 벽돌 및 블록 제조업 콘크리트?,,,콘크리트 타일 기와 벽돌 및 블록 제조업 콘크리트,C23233
id_0904634,pe 폴리에 틀린,가열하여 가공,?터 제조,pe 폴리에 틀린 가열하여 가공 터 제조,C23231
id_0897902,철 유리,절단 조립 ?접,흡연부스,철 유리 절단 조립 용접 흡연부스,C23231
id_0606755,pp,사?성형 조립,,pp 사출성형 조립,C22222
id_0196942,사업장에서,플라스틱가공품을조?하여,실내용골프퍼팅연습기,사업장에서 플라스틱가공품을조하여 실내용골프퍼팅연습기,C22222
id_0454338,스티로폼,박스에 ?춰서,포장용스티로폼,스티로폼 박스에 맞춰서 포장용스티로폼,C22222
id_0130004,알루미늄,캡연마,화장품뚜껑?,알루미늄 캡연마 화장품 뚜껑,C22222
id_0550843,유리섬유 수지,목형 성? 외주,,유리섬유 수지 목형 성형 외주,C22222
id_0315862,특수사 및 코드직물 제조업 적층 및 표면처리 직물 ?,,,특수사 및 코드직물 제조업 적층 및 표면처리 직물,C21213
id_0585702,사?장에서,윤활제품 혼합 용제,오니활성제 보일러청관제 중화제 유기응결제,사업장에서 윤활제품 혼합 용제 오니활성제 보일러청관제 중화제 유기응결제,C20204
id_0636610,잉크,배합하여,인?용잉크,잉크 배합하여 인쇄용잉크,C20204
id_0620146,화장품 제조업 치약 비누 및 기타 세제 제조업 표면?,,,화장품 제조업 치약 비누 및 기타 세제 제조업 표면,C20204
id_0821991,생물 살균?살충제 및 식물보호제 제조업,,,생물 살균 살충제 및 식물보호제 제조업,C20203
id_0852089,비닐,재생비닐입고 녹여서,폴립 밥알같은하?수지,비닐 재생비닐입고 녹여서 폴립 밥알같은하수지,C20202
id_0920617,pcb ic? 트랜스,조립하여,식용유 산화억제장 치 제조,pcb ic 트랜스 조립하여 식용유 산화억제장치 제조,C20201
id_0945631,사업장에서,고객요구로,포토북 포토?,사업장에서 고객요구로 포토북 포토샵,C18181
id_0987930,사업장에서,고객의요청으로,제판?조판,사업장에서 고객의요청으로 제판조판,C18181
id_0675934,사업장에서,중절기이용 제?제본,인쇄물 책자,사업장에서 중절기이용 제판 제본 인쇄물 책자,C18181
id_0314476,인쇄소,계약에의하여,경이?,인쇄소 계약에의하여 경이,C18181
id_0314792,종이 ?름,옵셋인쇄,명함 카다록,종이 름 옵셋인쇄 명함 카다록,C18181
id_0827392,종이,잉크,옵?인쇄,종이 잉크 옵션인쇄,C18181
id_0749454,대나무를 가지고,가늘게 ?아서,죽제품제조업,대나무를 가지고 가늘게 아서 죽제품제조업,C16163
id_0718171,mdf구입하여,절단절?하여,보석함제조,mdf구입하여 절단절하여 보석함제조,C16162
id_0700459,목재,재단 절단 몰딩,목재문?,목재 재단 절단 몰딩 목재문,C16162
id_0437976,산업용,원목제재,파?트,산업용 원목제재 파트,C16162
id_0738954,표면가공목재 및 특정 목적용 제재목 제조업 목재 보?,,,표면가공목재 및 특정 목적용 제재목 제조업 목재 보존,C16161
id_0485478,영업장에서,고객요청으로,가?공예,영업장에서 고객요청으로 가공예,C15151
id_0962544,,?옷잠옷제조도매판매,,옷잠옷제조도매판매,C14141
id_0456427,공장에서,재? 재봉하여,의류 제조,공장에서 재봉 재봉하여 의류 제조,C14141
id_0596380,매장,고객,?츰 정장,매장 고객 맞춤 정장,C14141
id_0351355,매장에서,손님에게,남성복?춤,매장에서 손님에게 남성복맞춤,C14141
id_0953359,면 폴리,재단봉재,여자? 소녀용자켓 및점퍼,면 폴리 재단봉재 여자 소녀용자켓 및점퍼,C14141
id_0802944,사업장에서,원?재단 봉제,여성의로,사업장에서 원단재단 봉제 여성의로,C14141
id_0063647,원단을 가지고,?제하여제조,블라우스,원단을 가지고 봉제하여제조 블라우스,C14141
id_0521518,일반대상으로,남자용정장,남자?춤정장,일반대상으로 남자용정장 남자맞춤정장,C14141
id_0579426,나일론 폴리,재료입고 직조,헤어터빈 찍?이 벌크로 원단,나일론 폴리 재료입고 직조 헤어터빈 찍찍이 벌크로 원단,C13139
id_0727965,폴리에스?,제조업,옷 라벨,폴리에스 제조업 옷 라벨,C13139
id_0451272,사업장에서,고객대상으로,갈옷?춤,사업장에서 고객대상으로 갈옷춤,C13134
id_0615073,솜 및 실 염색가공업 직물 및 편조원단 염색 가공업 ?,,,솜 및 실 염색가공업 직물 및 편조원단 염색 가공업,C13134
id_0880178,면직물직조업 화학섬유직물 직조업 견직물직조업 특?,,,면직물직조업 화학섬유직물 직조업 견직물직조업 ,C13132
id_0266271,사업장,제조,차?덮개,사업장 제조 차덮개,C13132
id_0131071,제조시설을 갖추고,아사이제리 설탕을 혼합?효하여,아사이베리 건강음료 제조,제조시설을 갖추고 아사이제리 설탕을 혼합발효하여 아사이베리 건강음료 제조,C11112
id_0206767,사업장에서,배합하여,동물용사료?조제식품,사업장에서 배합하여 동물용사료조제식품,C10108
id_0431265,육류 채소등,분쇄 가열 혼합 ?조,반려동물사료및간식용품,육류 채소등 분쇄 가열 혼합 조 반려동물사료및간식용품,C10108
id_0114917,가게에서,일반대상,?제조판매,가게에서 일반대상 제조판매,C10107
id_0395432,가게에서,일반인들에게,떡 테?제작판매,가게에서 일반인들에게 떡 케잌제작판매,C10107
id_0440091,각종 재료 분?,혼합 반죽 건조,면류,각종 재료 분 혼합 반죽 건조 면류,C10107
id_0620305,공장에서,차를 가공하여,?구수 수염차 판매,공장에서 차를 가공하여 구수 수염차 판매,C10107
id_0098832,방앗간,일반고객,떡류판매?제조,방앗간 일반고객 떡류판매제조,C10107
id_0702227,방앗간에서,각종떡류,?제조,방앗간에서 각종떡류 제조,C10107
id_0693660,생두,개? 투입 볶음,볶은 커피 생산,생두 개 투입 볶음 볶은 커피 생산,C10107
id_0055854,쌀,?을 제조하여,떡케익 등 떡류 판매,쌀을 제조하여 떡케익 등 떡류 판매,C10107
id_0026439,쌀을가지고,?서기름에튀겨,한과,쌀을가지고 서기름에튀겨 한과,C10107
id_0815532,영업장에서,소?자들에게,반찬조리해서판매,영업장에서 소비자들에게 반찬조리해서판매,C10107
id_0948699,영업장에서,주문받아,? 정과 제조,영업장에서 주문받아 정과 제조,C10107
id_0815484,정미소에서,곡물을 도정?주고 수수료받음,곡물 도정,정미소에서 곡물을 도정주고 수수료받음 곡물 도정,C10106
id_0482624,사업장에서,고객의 요구로,참? 들깨기름,사업장에서 고객의 요구로 참깨 들깨기름,C10104
id_0634757,참? 들?,분쇄 압착 가열하여,참기름 들기름,참깨 들깨 분쇄 압착 가열하여 참기름 들기름,C10104
id_0024601,감을 가지고,?아서 박피하여,곶감,감을 가지고 아서 박피하여 곶감,C10103
id_0045353,사업장에서,감을 ?아 건조시켜,곶감 생산,사업장에서 감을 아 건조시켜 곶감 생산,C10103
id_0557241,사업체에서,감을 ?아 건조시켜,곶감 생산,사업체에서 감을 아 건조시켜 곶감 생산,C10103
id_0460766,황태 해양심층수를탈염수를?셔서,황태,황태채 황태포,황태 해양심층수를탈염수를 건조시켜서 황태 황태채 황태포,C10102
id_0176034,편백 묘?을 가지고,하우스에서,편백 육묘,편백 묘목을 가지고 하우스에서 편백 육묘,A220
id_0931117,사업장에서,채소 약초 재배하여,채소 ?초판매,사업장에서 채소 약초 재배하여 채소 약초판매,A111
id_0751522,식물원에서,? 나무재배,화웨재배,식물원에서 나무재배 화웨재배,A111
